section,code,title
A,0,"LAND- UND FORSTWIRTSCHAFT, FISCHEREI"
A,01,"Landwirtschaft, Jagd und damit verbundene Tätigkeiten"
A,011,Anbau einjähriger Pflanzen
A,0111,"Anbau von Getreide (ohne Reis), Hülsenfrüchten und Ölsaaten"
A,011100,"Anbau von Getreide (ohne Reis), Hülsenfrüchten und Ölsaaten"
A,0112,Anbau von Reis
A,011200,Anbau von Reis
A,0113,Anbau von Gemüse und Melonen sowie Wurzeln und Knollen
A,011300,Anbau von Gemüse und Melonen sowie Wurzeln und Knollen
A,0114,Anbau von Zuckerrohr
A,011400,Anbau von Zuckerrohr
A,0115,Anbau von Tabak
A,011500,Anbau von Tabak
A,0116,Anbau von Faserpflanzen
A,011600,Anbau von Faserpflanzen
A,0119,Anbau von sonstigen einjährigen Pflanzen
A,011900,Anbau von sonstigen einjährigen Pflanzen
A,012,Anbau mehrjähriger Pflanzen
A,0121,Anbau von Wein- und Tafeltrauben
A,012101,Anbau von Wein- und Tafeltrauben
A,012102,Weinbau – Kellerei
A,0122,Anbau von tropischen und subtropischen Früchten
A,012200,Anbau von tropischen und subtropischen Früchten
A,0123,Anbau von Zitrusfrüchten
A,012300,Anbau von Zitrusfrüchten
A,0124,Anbau von Kern- und Steinobst
A,012400,Anbau von Kern- und Steinobst
A,0125,Anbau von sonstigem Obst und Nüssen
A,012500,Anbau von sonstigem Obst und Nüssen
A,0126,Anbau von ölhaltigen Früchten
A,012600,Anbau von ölhaltigen Früchten
A,0127,Anbau von Pflanzen zur Herstellung von Getränken
A,012700,Anbau von Pflanzen zur Herstellung von Getränken
A,0128,"Anbau von Gewürzpflanzen, Pflanzen für aromatische, narkotische und pharmazeutische Zwecke"
A,012800,"Anbau von Gewürzpflanzen, Pflanzen für aromatische, narkotische und pharmazeutische Zwecke"
A,0129,Anbau sonstiger mehrjähriger Pflanzen
A,012900,Anbau sonstiger mehrjähriger Pflanzen
A,013,Betrieb von Baumschulen sowie Anbau von Pflanzen zu Vermehrungszwecken
A,0130,Betrieb von Baumschulen sowie Anbau von Pflanzen zu Vermehrungszwecken
A,013000,Betrieb von Baumschulen sowie Anbau von Pflanzen zu Vermehrungszwecken
A,014,Tierhaltung
A,0141,Haltung von Milchkühen
A,014100,Haltung von Milchkühen
A,0142,Haltung von anderen Rindern
A,014200,Haltung von anderen Tieren der Rindergattung
A,0143,Haltung von Pferden und Eseln
A,014300,Haltung von Tieren der Pferdegattung
A,0144,Haltung von Kamelen
A,014400,Haltung von Kameliden
A,0145,Haltung von Schafen und Ziegen
A,014500,Haltung von Schafen und Ziegen
A,0146,Haltung von Schweinen
A,014600,Haltung von Schweinen
A,0147,Haltung von Geflügel
A,014700,Haltung von Geflügel
A,0149,Sonstige Tierhaltung
A,014900,Sonstige Tierhaltung
A,015,Gemischte Landwirtschaft
A,0150,Gemischte Landwirtschaft
A,015000,Gemischte Landwirtschaft
A,016,Erbringung von landwirtschaftlichen Dienstleistungen
A,0161,Erbringung von landwirtschaftlichen Dienstleistungen für den Pflanzenbau
A,016100,Erbringung von landwirtschaftlichen Dienstleistungen für den Pflanzenbau
A,0162,Erbringung von landwirtschaftlichen Dienstleistungen für die Tierhaltung
A,016200,Erbringung von landwirtschaftlichen Dienstleistungen für die Tierhaltung
A,0163,Nach der Ernte anfallende Tätigkeiten in der pflanzlichen Erzeugung
A,016300,Nach der Ernte anfallende Tätigkeiten in der pflanzlichen Erzeugung
A,0164,Saatgutaufbereitung
A,016400,Saatgutaufbereitung
A,017,"Jagd, Fallenstellerei und damit verbundene Tätigkeiten"
A,0170,"Jagd, Fallenstellerei und damit verbundene Tätigkeiten"
A,017000,"Jagd, Fallenstellerei und damit verbundene Tätigkeiten"
A,02,Forstwirtschaft und Holzeinschlag
A,021,Forstwirtschaft
A,0210,Forstwirtschaft
A,021000,Forstwirtschaft
A,022,Holzeinschlag
A,0220,Holzeinschlag
A,022000,Holzeinschlag
A,023,Sammeln von wild wachsenden Produkten (ohne Holz)
A,0230,Sammeln von wild wachsenden Produkten (ohne Holz)
A,023000,Sammeln von wild wachsenden Produkten (ohne Holz)
A,024,Erbringung von Dienstleistungen für Forstwirtschaft und Holzeinschlag
A,0240,Erbringung von Dienstleistungen für Forstwirtschaft und Holzeinschlag
A,024000,Erbringung von Dienstleistungen für Forstwirtschaft und Holzeinschlag
A,03,Fischerei und Aquakultur
A,031,Fischerei
A,0311,Meeresfischerei
A,031100,Meeresfischerei
A,0312,Süsswasserfischerei
A,031200,Süsswasserfischerei
A,032,Aquakultur
A,0321,Meeresaquakultur
A,032100,Meeresaquakultur
A,0322,Süsswasseraquakultur
A,032200,Süsswasseraquakultur
B,0,BERGBAU UND GEWINNUNG VON STEINEN UND ERDEN
B,05,Kohlenbergbau
B,051,Steinkohlenbergbau
B,0510,Steinkohlenbergbau
B,051000,Steinkohlenbergbau
B,052,Braunkohlenbergbau
B,0520,Braunkohlenbergbau
B,052000,Braunkohlenbergbau
B,06,Gewinnung von Erdöl und Erdgas
B,061,Gewinnung von Erdöl
B,0610,Gewinnung von Erdöl
B,061000,Gewinnung von Erdöl
B,062,Gewinnung von Erdgas
B,0620,Gewinnung von Erdgas
B,062000,Gewinnung von Erdgas
B,07,Erzbergbau
B,071,Eisenerzbergbau
B,0710,Eisenerzbergbau
B,071000,Eisenerzbergbau
B,072,NE-Metallerzbergbau
B,0721,Bergbau auf Uran- und Thoriumerze
B,072100,Bergbau von Uran- und Thoriumerze
B,0729,Sonstiger NE-Metallerzbergbau
B,072900,Sonstiger NE-Metallerzbergbau
B,08,"Gewinnung von Steinen und Erden, sonstiger Bergbau"
B,081,"Gewinnung von Natursteinen, Kies, Sand, Ton und Kaolin"
B,0811,"Gewinnung von Naturwerksteinen und Natursteinen, Kalk- und Gipsstein, Kreide und Schiefer"
B,081100,"Gewinnung von Naturwerksteinen und Natursteinen, Kalk- und Gipsstein, Kreide und Schiefer"
B,0812,"Gewinnung von Kies, Sand, Ton und Kaolin"
B,081200,"Gewinnung von Kies, Sand, Ton und Kaolin"
B,089,Sonstiger Bergbau; Gewinnung von Steinen und Erden a. n. g.
B,0891,Bergbau auf chemische und Düngemittelminerale
B,089100,Bergbau auf chemische und Düngemittelminerale
B,0892,Torfgewinnung
B,089200,Torfgewinnung
B,0893,Gewinnung von Salz
B,089300,Gewinnung von Salz
B,0899,Gewinnung von Steinen und Erden a. n. g.
B,089900,Gewinnung von Steinen und Erden a. n. g.
B,09,Erbringung von Dienstleistungen für den Bergbau und für die Gewinnung von Steinen und Erden
B,091,Erbringung von Dienstleistungen für die Gewinnung von Erdöl und Erdgas
B,0910,Erbringung von Dienstleistungen für die Gewinnung von Erdöl und Erdgas
B,091000,Erbringung von Dienstleistungen für die Gewinnung von Erdöl und Erdgas
B,099,Erbringung von Dienstleistungen für den sonstigen Bergbau und die Gewinnung von Steinen und Erden
B,0990,Erbringung von Dienstleistungen für den sonstigen Bergbau und die Gewinnung von Steinen und Erden
B,099000,Erbringung von Dienstleistungen für den sonstigen Bergbau und die Gewinnung von Steinen und Erden
C,0,VERARBEITENDES GEWERBE/HERSTELLUNG VON WAREN
C,10,Herstellung von Nahrungs- und Futtermitteln
C,101,Schlachten und Fleischverarbeitung
C,1011,Schlachten (ohne Schlachten von Geflügel)
C,101100,Schlachten (ohne Schlachten von Geflügel)
C,1012,Schlachten von Geflügel
C,101200,Schlachten von Geflügel
C,1013,Fleischverarbeitung
C,101300,Fleischverarbeitung
C,102,Fischverarbeitung
C,1020,Fischverarbeitung
C,102000,Fischverarbeitung
C,103,Obst- und Gemüseverarbeitung
C,1031,Kartoffelverarbeitung
C,103100,Kartoffelverarbeitung
C,1032,Herstellung von Frucht- und Gemüsesäften
C,103200,Herstellung von Frucht- und Gemüsesäften
C,1039,Sonstige Verarbeitung von Obst und Gemüse
C,103900,Sonstige Verarbeitung von Obst und Gemüse
C,104,Herstellung von pflanzlichen und tierischen Ölen und Fetten
C,1041,Herstellung von Ölen und Fetten (ohne Margarine u. ä. Nahrungsfette)
C,104100,Herstellung von Ölen und Fetten (ohne Margarine u. ä. Nahrungsfette)
C,1042,Herstellung von Margarine u. ä. Nahrungsfetten
C,104200,Herstellung von Margarine u. ä. Nahrungsfetten
C,105,Milchverarbeitung
C,1051,Milchverarbeitung (ohne Herstellung von Speiseeis)
C,105101,Herstellung von Frischmilchprodukten
C,105102,Herstellung von Käse
C,105103,Sonstige Milchverarbeitung
C,1052,Herstellung von Speiseeis
C,105200,Herstellung von Speiseeis
C,106,"Mahl- und Schälmühlen, Herstellung von Stärke und Stärkeerzeugnissen"
C,1061,Mahl- und Schälmühlen
C,106100,Mahl- und Schälmühlen
C,1062,Herstellung von Stärke und Stärkeerzeugnissen
C,106200,Herstellung von Stärke und Stärkeerzeugnissen
C,107,Herstellung von Back- und Teigwaren
C,1071,Herstellung von Backwaren (ohne Dauerbackwaren)
C,107100,Herstellung von Backwaren (ohne Dauerbackwaren)
C,1072,Herstellung von Dauerbackwaren
C,107200,Herstellung von Dauerbackwaren
C,1073,Herstellung von Teigwaren
C,107300,Herstellung von Teigwaren
C,108,Herstellung von sonstigen Nahrungsmitteln
C,1081,Herstellung von Zucker
C,108100,Herstellung von Zucker
C,1082,Herstellung von Süsswaren (ohne Dauerbackwaren)
C,108201,Herstellung von Kakao- und Schokoladeerzeugnissen
C,108202,Herstellung von Zuckerwaren
C,1083,"Verarbeitung von Kaffee und Tee, Herstellung von Kaffee-Ersatz"
C,108300,"Verarbeitung von Kaffee und Tee, Herstellung von Kaffee-Ersatz"
C,1084,Herstellung von Würzmitteln und Saucen
C,108400,Herstellung von Würzmitteln und Saucen
C,1085,Herstellung von Fertiggerichten
C,108500,Herstellung von Fertiggerichten
C,1086,Herstellung von homogenisierten und diätetischen Nahrungsmitteln
C,108600,Herstellung von homogenisierten und diätetischen Nahrungsmitteln
C,1089,Herstellung von sonstigen Nahrungsmitteln a. n. g.
C,108900,Herstellung von sonstigen Nahrungsmitteln a. n. g.
C,109,Herstellung von Futtermitteln
C,1091,Herstellung von Futtermitteln für Nutztiere
C,109100,Herstellung von Futtermitteln für Nutztiere
C,1092,Herstellung von Futtermitteln für sonstige Tiere
C,109200,Herstellung von Futtermitteln für sonstige Tiere
C,11,Getränkeherstellung
C,110,Getränkeherstellung
C,1101,Herstellung von Spirituosen
C,110100,Herstellung von Spirituosen
C,1102,Herstellung von Traubenwein
C,110200,Herstellung von Traubenwein
C,1103,Herstellung von Apfelwein und anderen Fruchtweinen
C,110300,Herstellung von Apfelwein und anderen Fruchtweinen
C,1104,Herstellung von Wermutwein und sonstigen aromatisierten Weinen
C,110400,Herstellung von Wermutwein und sonstigen aromatisierten Weinen
C,1105,Herstellung von Bier
C,110500,Herstellung von Bier
C,1106,Herstellung von Malz
C,110600,Herstellung von Malz
C,1107,Herstellung von Erfrischungsgetränken; Gewinnung natürlicher Mineralwässer
C,110700,Herstellung von Erfrischungsgetränken; Gewinnung natürlicher Mineralwässer
C,12,Tabakverarbeitung
C,120,Tabakverarbeitung
C,1200,Tabakverarbeitung
C,120000,Tabakverarbeitung
C,13,Herstellung von Textilien
C,131,Spinnstoffaufbereitung und Spinnerei
C,1310,Spinnstoffaufbereitung und Spinnerei
C,131001,Baumwollaufbereitung und -spinnerei
C,131002,"Wollaufbereitung, Streichgarnspinnerei und Kammgarnspinnerei"
C,131003,Spinnstoffaufbereitung und Spinnerei
C,131004,Sonstige Spinnstoffaufbereitung und Spinnerei
C,132,Weberei
C,1320,Weberei
C,132001,Baumwollweberei
C,132002,Streichgarnweberei und Kammgarnweberei
C,132003,Sonstige Weberei
C,133,Veredlung von Textilien und Bekleidung
C,1330,Veredlung von Textilien und Bekleidung
C,133000,Veredlung von Textilien und Bekleidung
C,139,Herstellung von sonstigen Textilwaren
C,1391,Herstellung von gewirktem und gestricktem Stoff
C,139100,Herstellung von gewirktem und gestricktem Stoff
C,1392,Herstellung von konfektionierten Textilwaren (ohne Bekleidung)
C,139201,"Herstellung von Haus-, Bett- und Tischwäsche"
C,139202,Herstellung von Bettwaren
C,139203,Herstellung von sonstigen konfektionierten Textilwaren (ohne Bekleidung)
C,1393,Herstellung von Teppichen
C,139300,Herstellung von Teppichen
C,1394,Herstellung von Seilerwaren
C,139400,Herstellung von Seilerwaren
C,1395,Herstellung von Vliesstoff und Erzeugnissen daraus (ohne Bekleidung)
C,139500,Herstellung von Vliesstoff und Erzeugnissen daraus (ohne Bekleidung)
C,1396,Herstellung von technischen Textilien
C,139600,Herstellung von technischen Textilien
C,1399,Herstellung von sonstigen Textilwaren a. n. g.
C,139901,Stickerei
C,139902,"Herstellung von Bändern, Gurten, Posamenten und Schläuchen"
C,139903,Herstellung von sonstigen Textilwaren a. n. g.
C,14,Herstellung von Bekleidung
C,141,Herstellung von Bekleidung (ohne Pelzbekleidung)
C,1411,Herstellung von Lederbekleidung
C,141100,Herstellung von Lederbekleidung
C,1412,Herstellung von Arbeits- und Berufsbekleidung
C,141200,Herstellung von Arbeits- und Berufsbekleidung
C,1413,Herstellung von sonstiger Oberbekleidung
C,141301,Herstellung von Herren- und Knabenoberbekleidung
C,141302,Herstellung von Damen- und Mädchenoberbekleidung
C,141303,Herstellung von Oberbekleidung ohne ausgeprägten Schwerpunkt
C,1414,Herstellung von Wäsche
C,141401,Herstellung von Herren- und Knabenwäsche
C,141402,Herstellung von Damen- und Mädchenwäsche
C,141403,Herstellung von Wäsche ohne ausgeprägten Schwerpunkt
C,1419,Herstellung von sonstiger Bekleidung und Bekleidungszubehör a. n. g.
C,141900,Herstellung von sonstiger Bekleidung und Bekleidungszubehör a. n. g.
C,142,Herstellung von Pelzwaren
C,1420,Herstellung von Pelzwaren
C,142000,Herstellung von Pelzwaren
C,143,Herstellung von Bekleidung aus gewirktem und gestricktem Stoff
C,1431,Herstellung von Strumpfwaren
C,143100,Herstellung von Strumpfwaren
C,1439,Herstellung von sonstiger Bekleidung aus gewirktem und gestricktem Stoff
C,143900,Herstellung von sonstiger Bekleidung aus gewirktem und gestricktem Stoff
C,15,"Herstellung von Leder, Lederwaren und Schuhen"
C,151,Herstellung von Leder und Lederwaren (ohne Herstellung von Lederbekleidung)
C,1511,Herstellung von Leder und Lederfaserstoff; Zurichtung und Färben von Fellen
C,151100,Herstellung von Leder und Lederfaserstoff; Zurichtung und Färben von Fellen
C,1512,Lederverarbeitung (ohne Herstellung von Lederbekleidung)
C,151200,"Herstellung von Reiseartikeln, Leder- und Sattlerwaren (ohne Herstellung von Lederbekleidung und Schuhen)"
C,152,Herstellung von Schuhen
C,1520,Herstellung von Schuhen
C,152000,Herstellung von Schuhen
C,16,"Herstellung von Holz-, Flecht-, Korb- und Korkwaren (ohne Möbel)"
C,161,"Säge-, Hobel- und Holzimprägnierwerke"
C,1610,"Säge-, Hobel- und Holzimprägnierwerke"
C,161001,Sägewerke
C,161002,Holzhobelwerke und Holzoberflächenbehandlung
C,161003,Holzimprägnierwerke
C,162,"Herstellung von sonstigen Holz-, Kork-, Flecht- und Korbwaren (ohne Möbel)"
C,1621,"Herstellung von Furnier-, Sperrholz-, Holzfaser- und Holzspanplatten"
C,162100,"Herstellung von Furnier-, Sperrholz-, Holzfaser- und Holzspanplatten"
C,1622,Herstellung von Parketttafeln
C,162200,Herstellung von Parketttafeln
C,1623,"Herstellung von sonstigen Konstruktionsteilen, Fertigbauteilen, Ausbauelementen und Fertigteilbauten aus Holz"
C,162301,"Bauschreinerei, Fenster und Türen"
C,162302,Schreinerarbeiten im Innenausbau
C,162303,Herstellung von sonstigen vorfabrizierten Holzbausystemen und Fertigteilbauteilen aus Holz
C,1624,"Herstellung von Verpackungsmitteln, Lagerbehältern und Ladungsträgern aus Holz"
C,162400,"Herstellung von Verpackungsmitteln, Lagerbehältern und Ladungsträgern aus Holz"
C,1629,"Herstellung von Holzwaren a. n. g, Kork-, Flecht- und Korbwaren (ohne Möbel)"
C,162900,"Herstellung von Holzwaren a. n. g, Kork-, Flecht- und Korbwaren (ohne Möbel)"
C,17,"Herstellung von Papier, Pappe und Waren daraus"
C,171,"Herstellung von Holz- und Zellstoff, Papier, Karton und Pappe"
C,1711,Herstellung von Holz- und Zellstoff
C,171100,Herstellung von Holz- und Zellstoff
C,1712,"Herstellung von Papier, Karton und Pappe"
C,171200,"Herstellung von Papier, Karton und Pappe"
C,172,"Herstellung von Waren aus Papier, Karton und Pappe"
C,1721,"Herstellung von Wellpapier und -pappe sowie von Verpackungsmitteln aus Papier, Karton und Pappe"
C,172100,"Herstellung von Wellpapier und -pappe sowie von Verpackungsmitteln aus Papier, Karton und Pappe"
C,1722,"Herstellung von Haushalts-, Hygiene- und Toilettenartikeln aus Zellstoff, Papier und Pappe"
C,172200,"Herstellung von Haushalts-, Hygiene- und Toilettenartikeln aus Zellstoff, Papier und Pappe"
C,1723,"Herstellung von Schreibwaren und Bürobedarf aus Papier, Karton und Pappe"
C,172300,"Herstellung von Schreibwaren und Bürobedarf aus Papier, Karton und Pappe"
C,1724,Herstellung von Tapeten
C,172400,Herstellung von Tapeten
C,1729,"Herstellung von sonstigen Waren aus Papier, Karton und Pappe"
C,172900,"Herstellung von sonstigen Waren aus Papier, Karton und Pappe"
C,18,"Herstellung von Druckerzeugnissen; Vervielfältigung von bespielten Ton-, Bild- und Datenträgern"
C,181,Herstellung von Druckerzeugnissen
C,1811,Drucken von Zeitungen
C,181100,Drucken von Zeitungen
C,1812,Drucken a. n. g.
C,181201,Offsetdruck
C,181202,Siebdruck
C,181203,Lichtpause- und Reprografiebetriebe
C,181204,Sonstiges Drucken a. n. g.
C,1813,Druck- und Medienvorstufe
C,181301,Erbringung von druckvorbereitenden Dienstleistungen
C,181302,Erbringung von sonstigen druckbezogenen Dienstleistungen a. n. g.
C,1814,Binden von Druckerzeugnissen und damit verbundene Dienstleistungen
C,181400,Binden von Druckerzeugnissen und damit verbundene Dienstleistungen
C,182,"Vervielfältigung von bespielten Ton-, Bild- und Datenträgern"
C,1820,"Vervielfältigung von bespielten Ton-, Bild- und Datenträgern"
C,182000,"Vervielfältigung von bespielten Ton-, Bild- und Datenträgern"
C,19,Kokerei und Mineralölverarbeitung
C,191,Kokerei
C,1910,Kokerei
C,191000,Kokerei
C,192,Mineralölverarbeitung
C,1920,Mineralölverarbeitung
C,192000,Mineralölverarbeitung
C,20,Herstellung von chemischen Erzeugnissen
C,201,"Herstellung von chemischen Grundstoffen, Düngemitteln und Stickstoffverbindungen, Kunststoffen in Primärformen und synthetischem Kautschuk in Primärformen"
C,2011,Herstellung von Industriegasen
C,201100,Herstellung von Industriegasen
C,2012,Herstellung von Farbstoffen und Pigmenten
C,201200,Herstellung von Farbstoffen und Pigmenten
C,2013,Herstellung von sonstigen anorganischen Grundstoffen und Chemikalien
C,201300,Herstellung von sonstigen anorganischen Grundstoffen und Chemikalien
C,2014,Herstellung von sonstigen organischen Grundstoffen und Chemikalien
C,201400,Herstellung von sonstigen organischen Grundstoffen und Chemikalien
C,2015,Herstellung von Düngemitteln und Stickstoffverbindungen
C,201500,Herstellung von Düngemitteln und Stickstoffverbindungen
C,2016,Herstellung von Kunststoffen in Primärformen
C,201600,Herstellung von Kunststoffen in Primärformen
C,2017,Herstellung von synthetischem Kautschuk in Primärformen
C,201700,Herstellung von synthetischem Kautschuk in Primärformen
C,202,"Herstellung von Schädlingsbekämpfungs-, Pflanzenschutz- und Desinfektionsmitteln"
C,2020,"Herstellung von Schädlingsbekämpfungs-, Pflanzenschutz- und Desinfektionsmitteln"
C,202000,"Herstellung von Schädlingsbekämpfungs-, Pflanzenschutz- und Desinfektionsmitteln"
C,203,"Herstellung von Anstrichmitteln, Druckfarben und Kitten"
C,2030,"Herstellung von Anstrichmitteln, Druckfarben und Kitten"
C,203000,"Herstellung von Anstrichmitteln, Druckfarben und Kitten"
C,204,"Herstellung von Seifen, Wasch-, Reinigungs- und Körperpflegemitteln sowie von Duftstoffen"
C,2041,"Herstellung von Seifen, Wasch-, Reinigungs- und Poliermitteln"
C,204100,"Herstellung von Seifen, Wasch-, Reinigungs- und Poliermitteln"
C,2042,Herstellung von Körperpflegemitteln und Duftstoffen
C,204200,Herstellung von Körperpflegemitteln und Duftstoffen
C,205,Herstellung von sonstigen chemischen Erzeugnissen
C,2051,Herstellung von pyrotechnischen Erzeugnissen
C,205100,Herstellung von pyrotechnischen Erzeugnissen
C,2052,Herstellung von Klebstoffen
C,205200,Herstellung von Klebstoffen
C,2053,Herstellung von ätherischen Ölen
C,205300,Herstellung von ätherischen Ölen
C,2059,Herstellung von sonstigen chemischen Erzeugnissen a. n. g.
C,205900,Herstellung von sonstigen chemischen Erzeugnissen a. n. g.
C,206,Herstellung von Chemiefasern
C,2060,Herstellung von Chemiefasern
C,206000,Herstellung von Chemiefasern
C,21,Herstellung von pharmazeutischen Erzeugnissen
C,211,Herstellung von pharmazeutischen Grundstoffen
C,2110,Herstellung von pharmazeutischen Grundstoffen
C,211000,Herstellung von pharmazeutischen Grundstoffen
C,212,Herstellung von pharmazeutischen Spezialitäten und sonstigen pharmazeutischen Erzeugnissen
C,2120,Herstellung von pharmazeutischen Spezialitäten und sonstigen pharmazeutischen Erzeugnissen
C,212000,Herstellung von pharmazeutischen Spezialitäten und sonstigen pharmazeutischen Erzeugnissen
C,22,Herstellung von Gummi- und Kunststoffwaren
C,221,Herstellung von Gummiwaren
C,2211,Herstellung und Runderneuerung von Bereifungen
C,221100,Herstellung und Runderneuerung von Bereifungen
C,2219,Herstellung von sonstigen Gummiwaren
C,221900,Herstellung von sonstigen Gummiwaren
C,222,Herstellung von Kunststoffwaren
C,2221,"Herstellung von Platten, Folien, Schläuchen und Profilen aus Kunststoffen"
C,222100,"Herstellung von Platten, Folien, Schläuchen und Profilen aus Kunststoffen"
C,2222,Herstellung von Verpackungsmitteln aus Kunststoffen
C,222200,Herstellung von Verpackungsmitteln aus Kunststoffen
C,2223,Herstellung von Baubedarfsartikeln aus Kunststoffen
C,222300,Herstellung von Baubedarfsartikeln aus Kunststoffen
C,2229,Herstellung von sonstigen Kunststoffwaren
C,222900,Herstellung von sonstigen Kunststoffwaren
C,23,"Herstellung von Glas und Glaswaren, Keramik, Verarbeitung von Steinen und Erden"
C,231,Herstellung von Glas und Glaswaren
C,2311,Herstellung von Flachglas
C,231100,Herstellung von Flachglas
C,2312,Veredlung und Bearbeitung von Flachglas
C,231200,Veredlung und Bearbeitung von Flachglas
C,2313,Herstellung von Hohlglas
C,231300,Herstellung von Hohlglas
C,2314,Herstellung von Glasfasern und Waren daraus
C,231400,Herstellung von Glasfasern und Waren daraus
C,2319,"Herstellung, Veredlung und Bearbeitung von sonstigem Glas einschliesslich technischen Glaswaren"
C,231900,"Herstellung, Veredlung und Bearbeitung von sonstigem Glas einschliesslich technischen Glaswaren"
C,232,Herstellung von feuerfesten keramischen Werkstoffen und Waren
C,2320,Herstellung von feuerfesten keramischen Werkstoffen und Waren
C,232000,Herstellung von feuerfesten keramischen Werkstoffen und Waren
C,233,Herstellung von keramischen Baumaterialien
C,2331,Herstellung von keramischen Wand- und Bodenfliesen und -platten
C,233100,Herstellung von keramischen Wand- und Bodenfliesen und -platten
C,2332,Herstellung von Ziegeln und sonstiger Baukeramik
C,233200,Herstellung von Ziegeln und sonstiger Baukeramik
C,234,Herstellung von sonstigen Porzellan- und keramischen Erzeugnissen
C,2341,Herstellung von keramischen Haushaltswaren und Ziergegenständen
C,234100,Herstellung von keramischen Haushaltswaren und Ziergegenständen
C,2342,Herstellung von Sanitärkeramik
C,234200,Herstellung von Sanitärkeramik
C,2343,Herstellung von Isolatoren und Isolierteilen aus Keramik
C,234300,Herstellung von Isolatoren und Isolierteilen aus Keramik
C,2344,Herstellung von sonstigen keramischen Erzeugnissen für technische Zwecke
C,234400,Herstellung von sonstigen keramischen Erzeugnissen für technische Zwecke
C,2349,Herstellung von sonstigen keramischen Erzeugnissen
C,234900,Herstellung von sonstigen keramischen Erzeugnissen
C,235,"Herstellung von Zement, Kalk und gebranntem Gips"
C,2351,Herstellung von Zement
C,235100,Herstellung von Zement
C,2352,Herstellung von Kalk und gebranntem Gips
C,235200,Herstellung von Kalk und gebranntem Gips
C,236,"Herstellung von Erzeugnissen aus Beton, Zement und Gips"
C,2361,"Herstellung von Erzeugnissen aus Beton, Zement und Kalksandstein für den Bau"
C,236100,"Herstellung von Erzeugnissen aus Beton, Zement und Kalksandstein für den Bau"
C,2362,Herstellung von Gipserzeugnissen für den Bau
C,236200,Herstellung von Gipserzeugnissen für den Bau
C,2363,Herstellung von Frischbeton (Transportbeton)
C,236300,Herstellung von Frischbeton (Transportbeton)
C,2364,Herstellung von Mörtel und anderem Beton (Trockenbeton)
C,236400,Herstellung von Mörtel und anderem Beton (Trockenbeton)
C,2365,Herstellung von Faserzementwaren
C,236500,Herstellung von Faserzementwaren
C,2369,"Herstellung von sonstigen Erzeugnissen aus Beton, Zement und Gips a. n. g."
C,236900,"Herstellung von sonstigen Erzeugnissen aus Beton, Zement und Gips a. n. g."
C,237,Be- und Verarbeitung von Naturwerksteinen und Natursteinen a. n. g.
C,2370,Be- und Verarbeitung von Naturwerksteinen und Natursteinen a. n. g.
C,237000,Be- und Verarbeitung von Naturwerksteinen und Natursteinen a. n. g.
C,239,Herstellung von Schleifkörpern und Schleifmitteln auf Unterlage sowie sonstigen Erzeugnissen aus nichtmetallischen Mineralien a. n. g.
C,2391,Herstellung von Schleifkörpern und Schleifmitteln auf Unterlage
C,239100,Herstellung von Schleifkörpern und Schleifmitteln auf Unterlage
C,2399,Herstellung von sonstigen Erzeugnissen aus nichtmetallischen Mineralien a. n. g.
C,239901,Herstellung von Produkten aus Asphalt
C,239902,Sonstige Herstellung von sonstigen Erzeugnissen aus nicht metallischen Mineralien a. n. g.
C,24,Metallerzeugung und -bearbeitung
C,241,"Erzeugung von Roheisen, Stahl und Ferrolegierungen"
C,2410,"Erzeugung von Roheisen, Stahl und Ferrolegierungen"
C,241000,"Erzeugung von Roheisen, Stahl und Ferrolegierungen"
C,242,"Herstellung von Stahlrohren, Rohrform-, Rohrverschluss- und Rohrverbindungsstücken aus Stahl"
C,2420,"Herstellung von Stahlrohren, Rohrform-, Rohrverschluss- und Rohrverbindungsstücken aus Stahl"
C,242000,"Herstellung von Stahlrohren, Rohrform-, Rohrverschluss- und Rohrverbindungsstücken aus Stahl"
C,243,Sonstige erste Bearbeitung von Eisen und Stahl
C,2431,Herstellung von Blankstahl
C,243100,Herstellung von Blankstahl
C,2432,Herstellung von Kaltband mit einer Breite von weniger als 600 mm
C,243200,Herstellung von Kaltband mit einer Breite von weniger als 600 mm
C,2433,Herstellung von Kaltprofilen
C,243300,Herstellung von Kaltprofilen
C,2434,Herstellung von kaltgezogenem Draht
C,243400,Herstellung von kaltgezogenem Draht
C,244,Erzeugung und erste Bearbeitung von NE-Metallen
C,2441,Erzeugung und erste Bearbeitung von Edelmetallen
C,244100,Erzeugung und erste Bearbeitung von Edelmetallen
C,2442,Erzeugung und erste Bearbeitung von Aluminium
C,244200,Erzeugung und erste Bearbeitung von Aluminium
C,2443,"Erzeugung und erste Bearbeitung von Blei, Zink und Zinn"
C,244300,"Erzeugung und erste Bearbeitung von Blei, Zink und Zinn"
C,2444,Erzeugung und erste Bearbeitung von Kupfer
C,244400,Erzeugung und erste Bearbeitung von Kupfer
C,2445,Erzeugung und erste Bearbeitung von sonstigen NE-Metallen
C,244500,Erzeugung und erste Bearbeitung von sonstigen NE-Metallen
C,2446,Aufbereitung von Kernbrennstoffen
C,244600,Aufbereitung von Kernbrennstoffen
C,245,Giessereien
C,2451,Eisengiessereien
C,245100,Eisengiessereien
C,2452,Stahlgiessereien
C,245200,Stahlgiessereien
C,2453,Leichtmetallgiessereien
C,245300,Leichtmetallgiessereien
C,2454,Buntmetallgiessereien
C,245400,Buntmetallgiessereien
C,25,Herstellung von Metallerzeugnissen
C,251,Stahl- und Leichtmetallbau
C,2511,Herstellung von Metallkonstruktionen
C,251100,Herstellung von Metallkonstruktionen
C,2512,Herstellung von Ausbauelementen aus Metall
C,251200,Herstellung von Ausbauelementen aus Metall
C,252,Herstellung von Metalltanks und -behältern; Herstellung von Heizkörpern und -kesseln für Zentralheizungen
C,2521,Herstellung von Heizkörpern und –kesseln für Zentralheizungen
C,252100,Herstellung von Heizkörpern und –kesseln für Zentralheizungen
C,2529,"Herstellung von Sammelbehältern, Tanks u. ä. Behältern aus Metall"
C,252900,"Herstellung von Sammelbehältern, Tanks u. ä. Behältern aus Metall"
C,253,Herstellung von Dampfkesseln (ohne Zentralheizungskessel)
C,2530,Herstellung von Dampfkesseln (ohne Zentralheizungskessel)
C,253000,Herstellung von Dampfkesseln (ohne Zentralheizungskessel)
C,254,Herstellung von Waffen und Munition
C,2540,Herstellung von Waffen und Munition
C,254000,Herstellung von Waffen und Munition
C,255,"Herstellung von Schmiede-, Press-, Zieh- und Stanzteilen, gewalzten Ringen und pulvermetallurgischen Erzeugnissen"
C,2550,"Herstellung von Schmiede-, Press-, Zieh- und Stanzteilen, gewalzten Ringen und pulvermetallurgischen Erzeugnissen"
C,255000,"Herstellung von Schmiede-, Press-, Zieh- und Stanzteilen, gewalzten Ringen und pulvermetallurgischen Erzeugnissen"
C,256,Oberflächenveredlung und Wärmebehandlung; Mechanik a. n. g.
C,2561,Oberflächenveredlung und Wärmebehandlung
C,256100,Oberflächenveredlung und Wärmebehandlung
C,2562,Mechanik a. n. g.
C,256201,Mechanische Werkstätten
C,256202,Schlossereien
C,256203,Schmieden
C,257,"Herstellung von Schneidwaren, Werkzeugen, Schlössern und Beschlägen aus unedlen Metallen"
C,2571,Herstellung von Schneidwaren und Bestecken aus unedlen Metallen
C,257100,Herstellung von Schneidwaren und Bestecken aus unedlen Metallen
C,2572,Herstellung von Schlössern und Beschlägen aus unedlen Metallen
C,257200,Herstellung von Schlössern und Beschlägen aus unedlen Metallen
C,2573,Herstellung von Werkzeugen
C,257300,Herstellung von Werkzeugen
C,259,Herstellung von sonstigen Metallwaren
C,2591,"Herstellung von Fässern, Trommeln, Dosen, Eimern u. ä. Behältern aus Metall"
C,259100,"Herstellung von Fässern, Trommeln, Dosen, Eimern u. ä. Behältern aus Metall"
C,2592,"Herstellung von Verpackungen und Verschlüssen aus Eisen, Stahl und NE-Metall"
C,259200,Herstellung von Verpackungen und Verschlüssen aus Leichtmetall
C,2593,"Herstellung von Drahtwaren, Ketten und Federn"
C,259300,"Herstellung von Drahtwaren, Ketten und Federn"
C,2594,Herstellung von Schrauben und Nieten
C,259400,Herstellung von Schrauben und Nieten
C,2599,Herstellung von sonstigen Metallwaren a. n. g.
C,259900,Herstellung von sonstigen Metallwaren a. n. g.
C,26,"Herstellung von Datenverarbeitungsgeräten, elektronischen und optischen Erzeugnissen"
C,261,Herstellung von elektronischen Bauelementen und Leiterplatten
C,2611,Herstellung von elektronischen Bauelementen
C,261100,Herstellung von elektronischen Bauelementen
C,2612,Herstellung von bestückten Leiterplatten
C,261200,Herstellung von bestückten Leiterplatten
C,262,Herstellung von Datenverarbeitungsgeräten und peripheren Geräten
C,2620,Herstellung von Datenverarbeitungsgeräten und peripheren Geräten
C,262000,Herstellung von Datenverarbeitungsgeräten und peripheren Geräten
C,263,Herstellung von Geräten und Einrichtungen der Telekommunikationstechnik
C,2630,Herstellung von Geräten und Einrichtungen der Telekommunikationstechnik
C,263000,Herstellung von Geräten und Einrichtungen der Telekommunikationstechnik
C,264,Herstellung von Geräten der Unterhaltungselektronik
C,2640,Herstellung von Geräten der Unterhaltungselektronik
C,264000,Herstellung von Geräten der Unterhaltungselektronik
C,265,"Herstellung von Mess-, Kontroll-, Navigations- u. ä. Instrumenten und Vorrichtungen; Herstellung von Uhren"
C,2651,"Herstellung von Mess-, Kontroll-, Navigations- u. ä. Instrumenten und Vorrichtungen"
C,265100,"Herstellung von Mess-, Kontroll-, Navigations- u. ä. Instrumenten und Vorrichtungen"
C,2652,Herstellung von Uhren
C,265201,Herstellung und Zusammensetzung von Uhren
C,265202,Herstellung und Zusammensetzung von Grossuhren
C,265203,Herstellung und Zusammensetzung von Uhrwerken
C,265204,Herstellung der Ausstattung von Uhren
C,265205,Herstellung anderer Uhrenbestandteile
C,266,Herstellung von Bestrahlungs- und Elektrotherapiegeräten und elektromedizinischen Geräten
C,2660,Herstellung von Bestrahlungs- und Elektrotherapiegeräten und elektromedizinischen Geräten
C,266000,Herstellung von Bestrahlungs- und Elektrotherapiegeräten und elektromedizinischen Geräten
C,267,Herstellung von optischen und fotografischen Instrumenten und Geräten
C,2670,Herstellung von optischen und fotografischen Instrumenten und Geräten
C,267000,Herstellung von optischen und fotografischen Instrumenten und Geräten
C,268,Herstellung von magnetischen und optischen Datenträgern
C,2680,Herstellung von magnetischen und optischen Datenträgern
C,268000,Herstellung von magnetischen und optischen Datenträgern
C,27,Herstellung von elektrischen Ausrüstungen
C,271,"Herstellung von Elektromotoren, Generatoren, Transformatoren, Elektrizitätsverteilungs- und -schalteinrichtungen"
C,2711,"Herstellung von Elektromotoren, Generatoren und Transformatoren"
C,271100,"Herstellung von Elektromotoren, Generatoren und Transformatoren"
C,2712,Herstellung von Elektrizitätsverteilungs- und -schalteinrichtungen
C,271200,Herstellung von Elektrizitätsverteilungs- und -schalteinrichtungen
C,272,Herstellung von Batterien und Akkumulatoren
C,2720,Herstellung von Batterien und Akkumulatoren
C,272000,Herstellung von Batterien und Akkumulatoren
C,273,Herstellung von Kabeln und elektrischem Installationsmaterial
C,2731,Herstellung von Glasfaserkabeln
C,273100,Herstellung von Glasfaserkabeln
C,2732,Herstellung von sonstigen elektronischen und elektrischen Drähten und Kabeln
C,273200,Herstellung von sonstigen elektronischen und elektrischen Drähten und Kabeln
C,2733,Herstellung von elektrischem Installationsmaterial
C,273300,Herstellung von elektrischem Installationsmaterial
C,274,Herstellung von elektrischen Lampen und Leuchten
C,2740,Herstellung von elektrischen Lampen und Leuchten
C,274000,Herstellung von elektrischen Lampen und Leuchten
C,275,Herstellung von Haushaltsgeräten
C,2751,Herstellung von elektrischen Haushaltsgeräten
C,275100,Herstellung von elektrischen Haushaltsgeräten
C,2752,Herstellung von nichtelektrischen Haushaltsgeräten
C,275200,Herstellung von nichtelektrischen Haushaltsgeräten
C,279,Herstellung von sonstigen elektrischen Ausrüstungen und Geräten a. n. g.
C,2790,Herstellung von sonstigen elektrischen Ausrüstungen und Geräten a. n. g.
C,279000,Herstellung von sonstigen elektrischen Ausrüstungen und Geräten a. n. g.
C,28,Maschinenbau
C,281,Herstellung von nicht wirtschaftszweigspezifischen Maschinen
C,2811,Herstellung von Verbrennungsmotoren und Turbinen (ohne Motoren für Luft- und Strassenfahrzeuge)
C,281100,Herstellung von Verbrennungsmotoren und Turbinen (ohne Motoren für Luft- und Strassenfahrzeuge)
C,2812,Herstellung von hydraulischen und pneumatischen Komponenten und Systemen
C,281200,Herstellung von hydraulischen und pneumatischen Komponenten und Systemen
C,2813,Herstellung von Pumpen und Kompressoren a. n. g.
C,281300,Herstellung von Pumpen und Kompressoren a. n. g.
C,2814,Herstellung von Armaturen a. n. g.
C,281400,Herstellung von Armaturen a. n. g.
C,2815,"Herstellung von Lagern, Getrieben, Zahnrädern und Antriebselementen"
C,281500,"Herstellung von Lagern, Getrieben, Zahnrädern und Antriebselementen"
C,282,Herstellung von sonstigen nicht wirtschaftszweigspezifischen Maschinen
C,2821,Herstellung von Öfen und Brennern
C,282100,Herstellung von Öfen und Brennern
C,2822,Herstellung von Hebezeugen und Fördermitteln
C,282200,Herstellung von Hebezeugen und Fördermitteln
C,2823,Herstellung von Büromaschinen (ohne Datenverarbeitungsgeräte und periphere Geräte)
C,282300,Herstellung von Büromaschinen (ohne Datenverarbeitungsgeräte und periphere Geräte)
C,2824,Herstellung von handgeführten Werkzeugen mit Motorantrieb
C,282400,Herstellung von handgeführten Werkzeugen mit Motorantrieb
C,2825,"Herstellung von kälte- und lufttechnischen Erzeugnissen, nicht für den Haushalt"
C,282500,"Herstellung von kälte- und lufttechnischen Erzeugnissen, nicht für den Haushalt"
C,2829,Herstellung von sonstigen nicht wirtschaftszweigspezifischen Maschinen a. n. g.
C,282900,Herstellung von sonstigen nicht wirtschaftszweigspezifischen Maschinen a. n. g.
C,283,Herstellung von land- und forstwirtschaftlichen Maschinen
C,2830,Herstellung von land- und forstwirtschaftlichen Maschinen
C,283000,Herstellung von land- und forstwirtschaftlichen Maschinen
C,284,Herstellung von Werkzeugmaschinen
C,2841,Herstellung von Werkzeugmaschinen für die Metallbearbeitung
C,284100,Herstellung von Werkzeugmaschinen für die Metallbearbeitung
C,2849,Herstellung von sonstigen Werkzeugmaschinen
C,284900,Herstellung von sonstigen Werkzeugmaschinen
C,289,Herstellung von Maschinen für sonstige bestimmte Wirtschaftszweige
C,2891,"Herstellung von Maschinen für die Metallerzeugung, von Walzwerkseinrichtungen und Giessmaschinen"
C,289100,"Herstellung von Maschinen für die Metallerzeugung, von Walzwerkseinrichtungen und Giessmaschinen"
C,2892,"Herstellung von Bergwerks-, Bau- und Baustoffmaschinen"
C,289200,"Herstellung von Bergwerks-, Bau- und Baustoffmaschinen"
C,2893,Herstellung von Maschinen für die Nahrungs- und Genussmittelerzeugung und die Tabakverarbeitung
C,289300,Herstellung von Maschinen für die Nahrungs- und Genussmittelerzeugung und die Tabakverarbeitung
C,2894,Herstellung von Maschinen für die Textil- und Bekleidungsherstellung und die Lederverarbeitung
C,289400,Herstellung von Maschinen für die Textil- und Bekleidungsherstellung und die Lederverarbeitung
C,2895,Herstellung von Maschinen für die Papiererzeugung und -verarbeitung
C,289500,Herstellung von Maschinen für die Papiererzeugung und -verarbeitung
C,2896,Herstellung von Maschinen für die Verarbeitung von Kunststoffen und Kautschuk
C,289600,Herstellung von Maschinen für die Verarbeitung von Kunststoffen und Kautschuk
C,2899,Herstellung von Maschinen für sonstige bestimmte Wirtschaftszweige a. n. g.
C,289901,Herstellung von Maschinen für die Herstellung von Druckerzeugnissen
C,289902,Sonstige Herstellung von Maschinen für sonstige bestimmte Wirtschaftszweige a. n. g.
C,29,Herstellung von Automobilen und Automobilteilen
C,291,Herstellung von Automobilen und Automobilmotoren
C,2910,Herstellung von Automobilen und Automobilmotoren
C,291000,Herstellung von Automobilen und Automobilmotoren
C,292,"Herstellung von Karosserien, Aufbauten und Anhängern"
C,2920,"Herstellung von Karosserien, Aufbauten und Anhängern"
C,292000,"Herstellung von Karosserien, Aufbauten und Anhängern"
C,293,Herstellung von Teilen und Zubehör für Automobile
C,2931,Herstellung elektrischer und elektronischer Ausrüstungsgegenstände für Automobile
C,293100,Herstellung elektrischer und elektronischer Ausrüstungsgegenstände für Automobile
C,2932,Herstellung von sonstigen Teilen und sonstigem Zubehör für Automobile
C,293200,Herstellung von sonstigen Teilen und sonstigem Zubehör für Automobile
C,30,Sonstiger Fahrzeugbau
C,301,Schiff- und Bootsbau
C,3011,Schiffbau (ohne Boots- und Yachtbau)
C,301100,Schiffbau (ohne Boots- und Yachtbau)
C,3012,Boots- und Yachtbau
C,301200,Boots- und Yachtbau
C,302,Schienenfahrzeugbau
C,3020,Schienenfahrzeugbau
C,302000,Schienenfahrzeugbau
C,303,Luft- und Raumfahrzeugbau
C,3030,Luft- und Raumfahrzeugbau
C,303000,Luft- und Raumfahrzeugbau
C,304,Herstellung von militärischen Kampffahrzeugen
C,3040,Herstellung von militärischen Kampffahrzeugen
C,304000,Herstellung von militärischen Kampffahrzeugen
C,309,Herstellung von Fahrzeugen a. n. g.
C,3091,Herstellung von Motorrädern
C,309100,Herstellung von Motorrädern
C,3092,Herstellung von Fahrrädern sowie von Behindertenfahrzeugen
C,309201,Herstellung von Fahrrädern
C,309202,Herstellung von Behindertenfahrzeugen
C,3099,Herstellung von sonstigen Fahrzeugen a. n. g.
C,309900,Herstellung von sonstigen Fahrzeugen a. n. g.
C,31,Herstellung von Möbeln
C,310,Herstellung von Möbeln
C,3101,Herstellung von Büro- und Ladenmöbeln
C,310100,Herstellung von Büro- und Ladenbau (ohne Einbau)
C,3102,Herstellung von Küchenmöbeln
C,310200,Herstellung von Küchen- und Badzimmermöbeln (ohne Einbau)
C,3103,Herstellung von Matratzen
C,310300,Herstellung von Matratzen
C,3109,Herstellung von sonstigen Möbeln
C,310900,Herstellung von sonstigen Möbeln
C,32,Herstellung von sonstigen Waren
C,321,"Herstellung von Münzen, Schmuck und ähnlichen Erzeugnissen"
C,3211,Herstellung von Münzen
C,321100,Herstellung von Münzen
C,3212,"Herstellung von Schmuck, Gold- und Silberschmiedewaren (ohne Fantasieschmuck)"
C,321201,Bearbeitung von Edel- und Schmucksteinen
C,321202,"Herstellung von Schmuck, Gold- und Silberschmiedwaren a. n. g. (ohne Fantasieschmuck)"
C,3213,Herstellung von Fantasieschmuck
C,321300,Herstellung von Fantasieschmuck
C,322,Herstellung von Musikinstrumenten
C,3220,Herstellung von Musikinstrumenten
C,322000,Herstellung von Musikinstrumenten
C,323,Herstellung von Sportgeräten
C,3230,Herstellung von Sportgeräten
C,323000,Herstellung von Sportgeräten
C,324,Herstellung von Spielwaren
C,3240,Herstellung von Spielwaren
C,324000,Herstellung von Spielwaren
C,325,Herstellung von medizinischen und zahnmedizinischen Apparaten und Materialien
C,3250,Herstellung von medizinischen und zahnmedizinischen Apparaten und Materialien
C,325001,Herstellung von medizinischen und zahnmedizinischen Apparaten und Materialien
C,325002,Herstellung von orthopädischen und prothetischen Erzeugnissen
C,325003,Zahntechnische Laboratorien
C,325004,Herstellung von Brillen
C,329,Herstellung von Erzeugnissen a. n. g.
C,3291,Herstellung von Besen und Bürsten
C,329100,Herstellung von Besen und Bürsten
C,3299,Herstellung von sonstigen Erzeugnissen a. n. g.
C,329900,Herstellung von sonstigen Erzeugnissen a. n. g.
C,33,Reparatur und Installation von Maschinen und Ausrüstungen
C,331,"Reparatur von Metallerzeugnissen, Maschinen und Ausrüstungen"
C,3311,Reparatur von Metallerzeugnissen
C,331100,Reparatur von Metallerzeugnissen
C,3312,Reparatur von Maschinen
C,331200,Reparatur von Maschinen
C,3313,Reparatur von elektronischen und optischen Geräten
C,331300,Reparatur von elektronischen und optischen Geräten
C,3314,Reparatur von elektrischen Ausrüstungen
C,331400,Reparatur von elektrischen Ausrüstungen
C,3315,"Reparatur und Instandhaltung von Schiffen, Booten und Yachten"
C,331500,"Reparatur und Instandhaltung von Schiffen, Booten und Yachten"
C,3316,Reparatur und Instandhaltung von Luft- und Raumfahrzeugen
C,331600,Reparatur und Instandhaltung von Luft- und Raumfahrzeugen
C,3317,Reparatur und Instandhaltung von Fahrzeugen a. n. g.
C,331700,Reparatur und Instandhaltung von Fahrzeugen a. n. g.
C,3319,Reparatur von sonstigen Ausrüstungen
C,331900,Reparatur von sonstigen Ausrüstungen
C,332,Installation von Maschinen und Ausrüstungen a. n. g.
C,3320,Installation von Maschinen und Ausrüstungen a. n. g.
C,332000,Installation von Maschinen und Ausrüstungen a. n. g.
D,0,ENERGIEVERSORGUNG
D,35,Energieversorgung
D,351,Elektrizitätsversorgung
D,3511,Elektrizitätserzeugung
D,351100,Elektrizitätserzeugung
D,3512,Elektrizitätsübertragung
D,351200,Elektrizitätsübertragung
D,3513,Elektrizitätsverteilung
D,351300,Elektrizitätsverteilung
D,3514,Elektrizitätshandel
D,351400,Elektrizitätshandel
D,352,Gasversorgung
D,3521,Gaserzeugung
D,352100,Gaserzeugung
D,3522,Gasverteilung durch Rohrleitungen
D,352200,Gasverteilung durch Rohrleitungen
D,3523,Gashandel durch Rohrleitungen
D,352300,Gashandel durch Rohrleitungen
D,353,Wärme- und Kälteversorgung
D,3530,Wärme- und Kälteversorgung
D,353000,Wärme- und Kälteversorgung
E,0,WASSERVERSORGUNG; ABWASSER- UND ABFALLENTSORGUNG UND BESEITIGUNG VON UMWELTVERSCHMUTZUNGEN
E,36,Wasserversorgung
E,360,Wasserversorgung
E,3600,Wasserversorgung
E,360000,Wasserversorgung
E,37,Abwasserentsorgung
E,370,Abwasserentsorgung
E,3700,Abwasserentsorgung
E,370000,Abwasserentsorgung
E,38,"Sammlung, Behandlung und Beseitigung von Abfällen; Rückgewinnung"
E,381,Sammlung von Abfällen
E,3811,Sammlung nicht gefährlicher Abfälle
E,381100,Sammlung nicht gefährlicher Abfälle
E,3812,Sammlung gefährlicher Abfälle
E,381200,Sammlung gefährlicher Abfälle
E,382,Abfallbehandlung und -beseitigung
E,3821,Behandlung und Beseitigung nicht gefährlicher Abfälle
E,382100,Behandlung und Beseitigung nicht gefährlicher Abfälle
E,3822,Behandlung und Beseitigung gefährlicher Abfälle
E,382200,Behandlung und Beseitigung gefährlicher Abfälle
E,383,Rückgewinnung
E,3831,Zerlegen von Schiffs- und Fahrzeugwracks und anderen Altwaren
E,383100,Zerlegen von Schiffs- und Fahrzeugwracks und anderen Altwaren
E,3832,Rückgewinnung sortierter Werkstoffe
E,383200,Rückgewinnung sortierter Werkstoffe
E,39,Beseitigung von Umweltverschmutzungen und sonstige Entsorgung
E,390,Beseitigung von Umweltverschmutzungen und sonstige Entsorgung
E,3900,Beseitigung von Umweltverschmutzungen und sonstige Entsorgung
E,390000,Beseitigung von Umweltverschmutzungen und sonstige Entsorgung
F,0,BAUGEWERBE/BAU
F,41,Hochbau
F,411,Erschliessung von Grundstücken; Bauträger
F,4110,Erschliessung von Grundstücken; Bauträger
F,411000,Entwicklung von Bauprojekten
F,412,Bau von Gebäuden
F,4120,Bau von Gebäuden
F,412001,Allgemeiner Hochbau
F,412002,Aktivitäten der Generalunternehmen im Baugewerbe
F,412003,Allgemeiner Hoch- und Tiefbau ohne ausgeprägten Schwerpunkt
F,412004,Unterhalt und Reparatur von Gebäuden
F,42,Tiefbau
F,421,Bau von Strassen und Bahnverkehrsstrecken
F,4211,Bau von Strassen
F,421100,Bau von Strassen
F,4212,Bau von Bahnverkehrsstrecken
F,421200,Bau von Bahnverkehrsstrecken
F,4213,Brücken- und Tunnelbau
F,421300,Brücken- und Tunnelbau
F,422,Leitungstiefbau und Kläranlagenbau
F,4221,"Rohrleitungstiefbau, Brunnenbau und Kläranlagenbau"
F,422100,"Rohrleitungstiefbau, Brunnenbau und Kläranlagenbau"
F,4222,Kabelnetzleitungstiefbau
F,422200,Kabelnetzleitungstiefbau
F,429,Sonstiger Tiefbau
F,4291,Wasserbau
F,429100,Wasserbau
F,4299,Sonstiger Tiefbau a. n. g.
F,429900,Sonstiger Tiefbau a. n. g.
F,43,"Vorbereitende Baustellenarbeiten, Bauinstallation und sonstiges Ausbaugewerbe"
F,431,Abbrucharbeiten und vorbereitende Baustellenarbeiten
F,4311,Abbrucharbeiten
F,431100,Abbrucharbeiten
F,4312,Vorbereitende Baustellenarbeiten
F,431200,Vorbereitende Baustellenarbeiten
F,4313,Test- und Suchbohrung
F,431300,Test- und Suchbohrung
F,432,Bauinstallation
F,4321,Elektroinstallation
F,432100,Elektroinstallation
F,4322,"Gas-, Wasser-, Heizungs- sowie Lüftungs- und Klimainstallation"
F,432201,Sanitärinstallation
F,432202,Sanitärinstallation und Spenglerei
F,432203,Sanitär- und Heizungsinstallation
F,432204,"lnstallation von Heizungs-, Lüftungs- und Klimaanlagen"
F,4329,Sonstige Bauinstallation
F,432901,"Dämmung gegen Kälte, Wärme, Schall und Erschütterung"
F,432902,Sonstige Bauinstallation
F,433,Sonstiger Ausbau
F,4331,"Anbringen von Stuckaturen, Gipserei und Verputzerei"
F,433100,"Anbringen von Stuckaturen, Gipserei und Verputzerei"
F,4332,Bautischlerei und -schlosserei
F,433200,"Einbau von Fenster, Türen und Innenausbau, Einbauküchen, Einbaumöbel"
F,4333,"Fussboden-, Fliesen- und Plattenlegerei, Tapeziererei"
F,433301,Verlegen von Fussboden
F,433302,Verlegen von Fliesen und Platten
F,433303,Tapeziererei
F,4334,Malerei und Glaserei
F,433401,Malerei
F,433402,Malerei und Gipserei ohne ausgeprägten Schwerpunkt
F,433403,Glaserei
F,4339,Sonstiger Ausbau a. n. g.
F,433900,Sonstiger Ausbau a. n. g.
F,439,Sonstige spezialisierte Bautätigkeiten
F,4391,Dachdeckerei und Zimmerei
F,439101,"Holzbau, Zimmerei"
F,439102,Dachdeckerei
F,439103,Bauspenglerei
F,4399,Sonstige spezialisierte Bautätigkeiten a. n. g.
F,439901,Abdichtungen
F,439902,Gerüstbau
F,439903,Maurerarbeiten
F,439904,Vermietung von Baumaschinen und –geräten mit Bedienungspersonal
F,439905,Sonstiger spezialisierter Hoch- und Tiefbau a. n. g.
G,0,HANDEL; INSTANDHALTUNG UND REPARATUR VON MOTORFAHRZEUGE
G,45,Handel mit Motorfahrzeugen; Instandhaltung und Reparatur von Motorfahrzeugen
G,451,Handel mit Automobilen
G,4511,"Handel mit Automobilen mit einem Gesamtgewicht von 3,5 t oder weniger"
G,451101,"Handelsvermittlung und Grosshandel mit Automobilen mit einem Gesamtgewicht von 3,5 t oder weniger"
G,451102,"Detailhandel mit Automobilen mit einem Gesamtgewicht von 3,5 t oder weniger"
G,4519,"Handel mit Automobilen mit einem Gesamtgewicht von mehr als 3,5 t"
G,451901,"Handelsvermittlung und Grosshandel mit Automobilen mit einem Gesamtgewicht von mehr als 3,5 t"
G,451902,"Detailhandel mit Automobilen mit einem Gesamtgewicht von mehr als 3,5 t"
G,452,Instandhaltung und Reparatur von Automobilen
G,4520,Instandhaltung und Reparatur von Automobilen
G,452001,lnstandhaltung und Reparatur von Automobilen
G,452002,Reparatur und Lackieren von Carrosserien
G,453,Handel mit Automobilteilen und -zubehör
G,4531,Grosshandel mit Automobilteilen und -zubehör
G,453100,Grosshandel mit Automobilteilen und -zubehör
G,4532,Detailhandel mit Automobilteilen und -zubehör
G,453200,Detailhandel mit Automobilteilen und -zubehör
G,454,"Handel mit Motorrädern, Kraftradteilen und -zubehör; Instandhaltung und Reparatur von Motorrädern"
G,4540,"Handel mit Motorrädern, Kraftradteilen und -zubehör; Instandhaltung und Reparatur von Motorrädern"
G,454000,"Handel mit Motorrädern, Kraftradteilen und -zubehör; Instandhaltung und Reparatur von Motorrädern"
G,46,Grosshandel (ohne Handel mit Motorfahrzeugen)
G,461,Handelsvermittlung
G,4611,"Handelsvermittlung von landwirtschaftlichen Grundstoffen, lebenden Tieren, textilen Rohstoffen und Halbwaren"
G,461100,"Handelsvermittlung von landwirtschaftlichen Grundstoffen, lebenden Tieren, textilen Rohstoffen und Halbwaren"
G,4612,"Handelsvermittlung von Brennstoffen, Erzen, Metallen und technischen Chemikalien"
G,461200,"Handelsvermittlung von Brennstoffen, Erzen, Metallen und technischen Chemikalien"
G,4613,"Handelsvermittlung von Holz, Baustoffen und Anstrichmitteln"
G,461300,"Handelsvermittlung von Holz, Baustoffen und Anstrichmitteln"
G,4614,"Handelsvermittlung von Maschinen, technischem Bedarf, Wasser- und Luftfahrzeugen"
G,461400,"Handelsvermittlung von Maschinen, technischem Bedarf, Wasser- und Luftfahrzeugen"
G,4615,"Handelsvermittlung von Möbeln, Einrichtungs- und Haushaltsgegenständen, Eisen- und Metallwaren"
G,461500,"Handelsvermittlung von Möbeln, Einrichtungs- und Haushaltsgegenständen, Eisen- und Metallwaren"
G,4616,"Handelsvermittlung von Textilien, Bekleidung, Schuhen und Lederwaren"
G,461600,"Handelsvermittlung von Textilien, Bekleidung, Schuhen und Lederwaren"
G,4617,"Handelsvermittlung von Nahrungsmitteln, Getränken und Tabakwaren"
G,461700,"Handelsvermittlung von Nahrungsmitteln, Getränken und Tabakwaren"
G,4618,Handelsvermittlung von sonstigen Waren
G,461800,Handelsvermittlung von sonstigen Waren
G,4619,Handelsvermittlung von Waren ohne ausgeprägten Schwerpunkt
G,461900,Handelsvermittlung von Waren ohne ausgeprägten Schwerpunkt
G,462,Grosshandel mit landwirtschaftlichen Grundstoffen und lebenden Tieren
G,4621,"Grosshandel mit Getreide, Rohtabak, Saatgut und Futtermitteln"
G,462100,"Grosshandel mit Getreide, Rohtabak, Saatgut und Futtermitteln"
G,4622,Grosshandel mit Blumen und Pflanzen
G,462200,Grosshandel mit Blumen und Pflanzen
G,4623,Grosshandel mit lebenden Tieren
G,462300,Grosshandel mit lebenden Tieren
G,4624,"Grosshandel mit Häuten, Fellen und Leder"
G,462400,"Grosshandel mit Häuten, Fellen und Leder"
G,463,"Grosshandel mit Nahrungs- und Genussmitteln, Getränken und Tabakwaren"
G,4631,"Grosshandel mit Obst, Gemüse und Kartoffeln"
G,463100,"Grosshandel mit Obst, Gemüse und Kartoffeln"
G,4632,Grosshandel mit Fleisch und Fleischwaren
G,463200,Grosshandel mit Fleisch und Fleischwaren
G,4633,"Grosshandel mit Milch, Milcherzeugnissen, Eiern, Speiseölen und Nahrungsfetten"
G,463300,"Grosshandel mit Milch, Milcherzeugnissen, Eiern, Speiseölen und Nahrungsfetten"
G,4634,Grosshandel mit Getränken
G,463401,Grosshandel mit Wein und Spirituosen
G,463402,Grosshandel mit sonstigen Getränken
G,4635,Grosshandel mit Tabakwaren
G,463500,Grosshandel mit Tabakwaren
G,4636,"Grosshandel mit Zucker, Süsswaren und Backwaren"
G,463600,"Grosshandel mit Zucker, Süsswaren und Backwaren"
G,4637,"Grosshandel mit Kaffee, Tee, Kakao und Gewürzen"
G,463700,"Grosshandel mit Kaffee, Tee, Kakao und Gewürzen"
G,4638,Grosshandel mit sonstigen Nahrungs- und Genussmitteln
G,463800,Grosshandel mit sonstigen Nahrungs- und Genussmitteln
G,4639,"Grosshandel mit Nahrungs- und Genussmitteln, Getränken und Tabakwaren, ohne ausgeprägten Schwerpunkt"
G,463900,"Grosshandel mit Nahrungs- und Genussmitteln, Getränken und Tabakwaren, ohne ausgeprägten Schwerpunkt"
G,464,Grosshandel mit Gebrauchs- und Verbrauchsgütern
G,4641,Grosshandel mit Textilien
G,464100,Grosshandel mit Textilien
G,4642,Grosshandel mit Bekleidung und Schuhen
G,464201,Grosshandel mit Bekleidung
G,464202,Grosshandel mit Schuhen
G,4643,"Grosshandel mit Foto- und optischen Erzeugnissen, elektrischen Haushaltsgeräten und Geräten der Unterhaltungselektronik"
G,464301,Grosshandel mit elektrischen Haushaltsgeräten
G,464302,Grosshandel mit Geräten der Unterhaltungselektronik
G,464303,"Grosshandel mit Foto- und Kinogeräten, feinmechanischen und optischen Erzeugnissen"
G,4644,"Grosshandel mit keramischen Erzeugnissen, Glaswaren und Reinigungsmitteln"
G,464400,"Grosshandel mit keramischen Erzeugnissen, Glaswaren und Reinigungsmitteln"
G,4645,Grosshandel mit kosmetischen Erzeugnissen und Körperpflegemitteln
G,464500,Grosshandel mit kosmetischen Erzeugnissen und Körperpflegemitteln
G,4646,"Grosshandel mit pharmazeutischen, medizinischen und orthopädischen Erzeugnissen"
G,464601,Grosshandel mit pharmazeutischen Erzeugnissen
G,464602,"Grosshandel mit medizinischen, chirurgischen und orthopädischen Erzeugnissen"
G,4647,"Grosshandel mit Möbeln, Teppichen, Lampen und Leuchten"
G,464700,"Grosshandel mit Möbeln, Teppichen, Lampen und Leuchten"
G,4648,Grosshandel mit Uhren und Schmuck
G,464801,Grosshandel mit Uhren
G,464802,Grosshandel mit Schmuck
G,4649,Grosshandel mit sonstigen Gebrauchs- und Verbrauchsgütern
G,464901,"Grosshandel mit Schreibwaren, Büchern und Zeitungen"
G,464902,Grosshandel mit Spielwaren
G,464903,Grosshandel mit Sportartikeln
G,464904,Grosshandel mit Lederwaren und Reiseartikeln
G,464905,Grosshandel mit Geschenkartikeln und Souvenirs
G,464906,Grosshandel mit sonstigen Gebrauchs- und Verbrauchsgütern a. n. g.
G,465,Grosshandel mit Geräten der Informations- und Kommunikationstechnik
G,4651,"Grosshandel mit Datenverarbeitungsgeräten, peripheren Geräten und Software"
G,465101,Grosshandel mit Datenverarbeitungsgeräten und peripheren Einheiten
G,465102,Grosshandel mit Software
G,4652,Grosshandel mit elektronischen Bauteilen und Telekommunikationsgeräten
G,465200,Grosshandel mit elektronischen Bauteilen und Telekommunikationsgeräten
G,466,"Grosshandel mit sonstigen Maschinen, Ausrüstungen und Zubehör"
G,4661,"Grosshandel mit landwirtschaftlichen Maschinen, und Geräten"
G,466100,Grosshandel mit landwirtschaftlichen Maschinen und Geräten
G,4662,Grosshandel mit Werkzeugmaschinen
G,466200,Grosshandel mit Werkzeugmaschinen
G,4663,"Grosshandel mit Bergwerks-, Bau- und Baustoffmaschinen"
G,466300,"Grosshandel mit Bergwerks-, Bau- und Baustoffmaschinen"
G,4664,"Grosshandel mit Textil-, Näh- und Strickmaschinen"
G,466400,"Grosshandel mit Textil-, Näh- und Strickmaschinen"
G,4665,Grosshandel mit Büromöbeln
G,466500,Grosshandel mit Büromöbeln
G,4666,Grosshandel mit sonstigen Büromaschinen und -einrichtungen
G,466600,Grosshandel mit sonstigen Büromaschinen und -einrichtungen
G,4669,Grosshandel mit sonstigen Maschinen und Ausrüstungen
G,466900,Grosshandel mit sonstigen Maschinen und Ausrüstungen
G,467,Sonstiger Grosshandel
G,4671,Grosshandel mit festen Brennstoffen und Mineralölerzeugnissen
G,467100,Grosshandel mit festen Brennstoffen und Mineralölerzeugnissen
G,4672,"Grosshandel mit Erzen, Metallen und Metallhalbzeug"
G,467200,"Grosshandel mit Erzen, Metallen und Metallhalbzeug"
G,4673,"Grosshandel mit Holz, Baustoffen, Anstrichmitteln und Sanitärkeramik"
G,467301,Grosshandel mit Holz und Bauelementen aus Holz
G,467302,Grosshandel mit Baustoffen
G,467303,"Grosshandel mit Flachglas, Anstrichmitteln und Sanitärkeramik"
G,4674,"Grosshandel mit Metall- und Kunststoffwaren für Bauzwecke sowie Installationsbedarf für Gas, Wasser und Heizung"
G,467400,"Grosshandel mit Metall- und Kunststoffwaren für Bauzwecke sowie Installationsbedarf für Gas, Wasser und Heizung"
G,4675,Grosshandel mit chemischen Erzeugnissen
G,467500,Grosshandel mit chemischen Erzeugnissen
G,4676,Grosshandel mit sonstigen Halbwaren
G,467600,Grosshandel mit sonstigen Halbwaren
G,4677,Grosshandel mit Altmaterialien und Reststoffen
G,467701,"Grosshandel mit Ersatzautoteile, Autoverwertung"
G,467702,Grosshandel mit Altmaterialien und Reststoffen
G,469,Grosshandel ohne ausgeprägten Schwerpunkt
G,4690,Grosshandel ohne ausgeprägten Schwerpunkt
G,469000,Grosshandel ohne ausgeprägten Schwerpunkt
G,47,Detailhandel (ohne Handel mit Motorfahrzeugen)
G,471,Detailhandel mit Waren verschiedener Art (in Verkaufsräumen)
G,4711,"Detailhandel mit Waren verschiedener Art, Hauptrichtung Nahrungs- und Genussmittel, Getränke und Tabakwaren"
G,471101,Verbrauchermärkte (> 2500 m2)
G,471102,Grosse Supermärkte (1000-2499 m2)
G,471103,Kleine Supermärkte (400-999 m2)
G,471104,Grosse Geschäfte (100-399 m2)
G,471105,Kleine Geschäfte (< 100 m2)
G,4719,Sonstiger Detailhandel mit Waren verschiedener Art
G,471901,Warenhäuser
G,471902,Sonstiger Detailhandel mit Waren verschiedener Art a.n.g
G,472,"Detailhandel mit Nahrungs- und Genussmitteln, Getränken und Tabakwaren (in Verkaufsräumen)"
G,4721,"Detailhandel mit Obst, Gemüse und Kartoffeln"
G,472100,"Detailhandel mit Obst, Gemüse und Kartoffeln"
G,4722,Detailhandel mit Fleisch und Fleischwaren
G,472200,Detailhandel mit Fleisch und Fleischwaren
G,4723,"Detailhandel mit Fisch, Meeresfrüchten und Fischerzeugnissen"
G,472300,"Detailhandel mit Fisch, Meeresfrüchten und Fischerzeugnissen"
G,4724,Detailhandel mit Back- und Süsswaren
G,472401,Detailhandel mit Back- und Süsswaren
G,472402,Bäckereien - Tea-Rooms
G,4725,Detailhandel mit Getränken
G,472500,Detailhandel mit Getränken
G,4726,Detailhandel mit Tabakwaren
G,472600,Detailhandel mit Tabakwaren
G,4729,Sonstiger Detailhandel mit Nahrungs- und Genussmitteln
G,472901,Detailhandel mit Milcherzeugnissen und Eiern
G,472902,"Sonstiger Fachdetailhandel mit Nahrungs- und Genussmitteln, Getränken und Tabakwaren a. n. g. (in Verkaufsräumen)"
G,473,Detailhandel mit Motorenkraftstoffen (Tankstellen)
G,4730,Detailhandel mit Motorenkraftstoffen (Tankstellen)
G,473000,Detailhandel mit Motorenkraftstoffen (Tankstellen)
G,474,Detailhandel mit Geräten der Informations- und Kommunikationstechnik (in Verkaufsräumen)
G,4741,"Detailhandel mit Datenverarbeitungsgeräten, peripheren Geräten und Software"
G,474100,"Detailhandel mit Datenverarbeitungsgeräten, peripheren Geräten und Software"
G,4742,Detailhandel mit Telekommunikationsgeräten
G,474200,Detailhandel mit Telekommunikationsgeräten
G,4743,Detailhandel mit Geräten der Unterhaltungselektronik
G,474300,Detailhandel mit Geräten der Unterhaltungselektronik
G,475,"Detailhandel mit sonstigen Haushaltsgeräten, Textilien, Heimwerker- und Einrichtungsbedarf (in Verkaufsräumen)"
G,4751,Detailhandel mit Textilien
G,475100,Detailhandel mit Textilien
G,4752,"Detailhandel mit Metallwaren, Anstrichmitteln, Bau- und Heimwerkerbedarf"
G,475201,Detailhandel mit Eisen- und Metallwaren
G,475202,"Sonstiger Detailhandel mit Metallwaren, Anstrichmitteln, Bau- und Heimwerkerbedarf"
G,4753,"Detailhandel mit Vorhängen, Teppichen, Fussbodenbelägen und Tapeten"
G,475300,"Detailhandel mit Vorhängen, Teppichen, Fussbodenbelägen und Tapeten"
G,4754,Detailhandel mit elektrischen Haushaltsgeräten
G,475400,Detailhandel mit elektrischen Haushaltsgeräten
G,4759,"Detailhandel mit Möbeln, Einrichtungsgegenständen und sonstigem Hausrat"
G,475901,Detailhandel mit Musikinstrumenten
G,475902,Detailhandel mit Möbeln
G,475903,Detailhandel mit Einrichtungsgegenständen und Hausrat a. n. g.
G,476,"Detailhandel mit Verlagsprodukten, Sportausrüstungen und Spielwaren (in Verkaufsräumen)"
G,4761,Detailhandel mit Büchern
G,476100,Detailhandel mit Büchern
G,4762,"Detailhandel mit Zeitschriften, Zeitungen, Schreibwaren und Bürobedarf"
G,476201,Detailhandel mit Zeitschriften und Zeitungen; Kioske
G,476202,Detailhandel mit Schreibwaren und Bürobedarf
G,4763,Detailhandel mit bespielten Ton- und Bildträgern
G,476300,Detailhandel mit bespielten Ton- und Bildträgern
G,4764,"Detailhandel mit Fahrrädern, Sport- und Campingartikeln"
G,476401,Detailhandel mit Fahrrädern
G,476402,Detailhandel mit Sportartikeln
G,4765,Detailhandel mit Spielwaren
G,476500,Detailhandel mit Spielwaren
G,477,Detailhandel mit sonstigen Gütern (in Verkaufsräumen)
G,4771,Detailhandel mit Bekleidung
G,477101,Detailhandel mit Damenbekleidung
G,477102,Detailhandel mit Herrenbekleidung
G,477103,Detailhandel mit Säuglings- und Kinderbekleidung
G,477104,Detailhandel mit Pelzwaren
G,477105,Detailhandel mit Bekleidungszubehör und Bekleidung ohne ausgeprägten Schwerpunkt
G,4772,Detailhandel mit Schuhen und Lederwaren
G,477201,Detailhandel mit Schuhen
G,477202,Detailhandel mit Lederwaren und Reiseartikeln
G,4773,Apotheken
G,477300,Apotheken
G,4774,Detailhandel mit medizinischen und orthopädischen Artikeln
G,477400,Detailhandel mit medizinischen und orthopädischen Artikeln
G,4775,Detailhandel mit kosmetischen Erzeugnissen und Körperpflegemitteln
G,477501,Drogerien
G,477502,Parfümerien und sonstiger Detailhandel mit kosmetischen Artikeln und Körperpflegemitteln
G,4776,"Detailhandel mit Blumen, Pflanzen, Sämereien, Düngemitteln, zoologischem Bedarf und lebenden Tieren"
G,477601,"Detailhandel mit Getreide, Futtermitteln und Landesprodukten"
G,477602,Detailhandel mit Blumen und Pflanzen
G,477603,Detailhandel mit Haustieren und zoologischem Bedarf für Haustiere
G,4777,Detailhandel mit Uhren und Schmuck
G,477700,Detailhandel mit Uhren und Schmuck
G,4778,Sonstiger Detailhandel in Verkaufsräumen (ohne Antiquitäten und Gebrauchtwaren)
G,477801,Detailhandel mit Brennstoffen und Heizmaterial
G,477802,Detailhandel mit Brillen und anderen Sehhilfen
G,477803,Detailhandel mit fotografischen Artikeln
G,477804,Detailhandel mit Geschenkartikeln und Souvenirs
G,477805,Kunsthandel
G,477806,Sonstiger Fachdetailhandel a. n. g. (in Verkaufsräumen)
G,4779,Detailhandel mit Antiquitäten und Gebrauchtwaren
G,477901,Detailhandel mit Antiquitäten
G,477902,Detailhandel mit Gebrauchtwaren a. n. g. (in Verkaufsräumen)
G,478,Detailhandel an Verkaufsständen und auf Märkten
G,4781,"Detailhandel mit Nahrungs- und Genussmitteln, Getränken und Tabakwaren an Verkaufsständen und auf Märkten"
G,478100,"Detailhandel mit Nahrungs- und Genussmitteln, Getränken und Tabakwaren an Verkaufsständen und auf Märkten"
G,4782,"Detailhandel mit Textilien, Bekleidung und Schuhen an Verkaufsständen und auf Märkten"
G,478200,"Detailhandel mit Textilien, Bekleidung und Schuhen an Verkaufsständen und auf Märkten"
G,4789,Detailhandel mit sonstigen Gütern an Verkaufsständen und auf Märkten
G,478900,Detailhandel mit sonstigen Gütern an Verkaufsständen und auf Märkten
G,479,"Detailhandel, nicht in Verkaufsräumen, an Verkaufsständen oder auf Märkten"
G,4791,Versand- und Internet-Detailhandel
G,479100,Versand- und Internet-Detailhandel
G,4799,"Sonstiger Detailhandel, nicht in Verkaufsräumen, an Verkaufsständen oder auf Märkten"
G,479900,"Sonstiger Detailhandel, nicht in Verkaufsräumen, an Verkaufsständen oder auf Märkten"
H,0,VERKEHR UND LAGEREI
H,49,Landverkehr und Transport in Rohrfernleitungen
H,491,Personenbeförderung im Eisenbahnfernverkehr
H,4910,Personenbeförderung im Eisenbahnfernverkehr
H,491000,Personenbeförderung im Eisenbahnfernverkehr
H,492,Güterbeförderung im Eisenbahnverkehr
H,4920,Güterbeförderung im Eisenbahnverkehr
H,492000,Güterbeförderung im Eisenbahnverkehr
H,493,Sonstige Personenbeförderung im Landverkehr
H,4931,Personenbeförderung im Nahverkehr zu Lande (ohne Taxis)
H,493100,Personenbeförderung im Nahverkehr zu Lande (ohne Taxis)
H,4932,Betrieb von Taxis
H,493200,Betrieb von Taxis
H,4939,Sonstige Personenbeförderung im Landverkehr a. n. g.
H,493901,Nicht-regelmässiger Personenbeförderung im Landverkehr
H,493902,Regelmässige Personenbeförderung im Regional- und Fernverkehr
H,493903,"Personenbeförderung mittels Zahnrad-, Seilbahnen und Skiliften"
H,494,"Güterbeförderung im Strassenverkehr, Umzugstransporte"
H,4941,Güterbeförderung im Strassenverkehr
H,494100,Güterbeförderung im Strassenverkehr
H,4942,Umzugstransporte
H,494200,Umzugstransporte
H,495,Transport in Rohrfernleitungen
H,4950,Transport in Rohrfernleitungen
H,495000,Transport in Rohrfernleitungen
H,50,Schifffahrt
H,501,Personenbeförderung in der See- und Küstenschifffahrt
H,5010,Personenbeförderung in der See- und Küstenschifffahrt
H,501000,Personenbeförderung in der See- und Küstenschifffahrt
H,502,Güterbeförderung in der See- und Küstenschifffahrt
H,5020,Güterbeförderung in der See- und Küstenschifffahrt
H,502000,Güterbeförderung in der See- und Küstenschifffahrt
H,503,Personenbeförderung in der Binnenschifffahrt
H,5030,Personenbeförderung in der Binnenschifffahrt
H,503000,Personenbeförderung in der Binnenschifffahrt
H,504,Güterbeförderung in der Binnenschifffahrt
H,5040,Güterbeförderung in der Binnenschifffahrt
H,504000,Güterbeförderung in der Binnenschifffahrt
H,51,Luftfahrt
H,511,Personenbeförderung in der Luftfahrt
H,5110,Personenbeförderung in der Luftfahrt
H,511000,Personenbeförderung in der Luftfahrt
H,512,Güterbeförderung in der Luftfahrt und Raumtransport
H,5121,Güterbeförderung in der Luftfahrt
H,512100,Güterbeförderung in der Luftfahrt
H,5122,Raumtransport
H,512200,Raumtransport
H,52,Lagerei sowie Erbringung von sonstigen Dienstleistungen für den Verkehr
H,521,Lagerei
H,5210,Lagerei
H,521000,Lagerung
H,522,Erbringung von sonstigen Dienstleistungen für den Verkehr
H,5221,Erbringung von sonstigen Dienstleistungen für den Landverkehr
H,522100,Erbringung von sonstigen Dienstleistungen für den Landverkehr
H,5222,Erbringung von sonstigen Dienstleistungen für die Schifffahrt
H,522200,Erbringung von sonstigen Dienstleistungen für die Schifffahrt
H,5223,Erbringung von sonstigen Dienstleistungen für die Luftfahrt
H,522300,Erbringung von sonstigen Dienstleistungen für die Luftfahrt
H,5224,Frachtumschlag
H,522400,Frachtumschlag
H,5229,Erbringung von sonstigen Dienstleistungen für den Verkehr a. n. g.
H,522900,Erbringung von sonstigen Dienstleistungen für den Verkehr a. n. g.
H,53,"Post-, Kurier- und Expressdienste"
H,531,Postdienste von Universaldienstleistungsanbietern
H,5310,Postdienste von Universaldienstleistungsanbietern
H,531000,Postdienste von Universaldienstleistungsanbietern
H,532,"Sonstige Post-, Kurier- und Expressdienste"
H,5320,"Sonstige Post-, Kurier- und Expressdienste"
H,532000,"Sonstige Post-, Kurier- und Expressdienste"
I,0,GASTGEWERBE/BEHERBERGUNG UND GASTRONOMIE
I,55,Beherbergung
I,551,"Hotels, Gasthöfe und Pensionen"
I,5510,"Hotels, Gasthöfe und Pensionen"
I,551001,"Hotels, Gasthöfe und Pensionen mit Restaurant"
I,551002,"Hotels, Gasthöfe und Pensionen ohne Restaurant"
I,551003,"Verwaltung von Hotels, Gasthöfen und Pensionen"
I,552,Ferienunterkünfte und ähnliche Beherbergungsstätten
I,5520,Ferienunterkünfte und ähnliche Beherbergungsstätten
I,552001,"Ferienwohnungen, Ferienhäuser"
I,552002,Kollektivunterkünfte
I,552003,Verwaltung von Ferien- und Kollektivunterkünften
I,553,Campingplätze
I,5530,Campingplätze
I,553001,Campingplätze
I,553002,Verwaltung von Campingplätzen
I,559,Sonstige Beherbergungsstätten
I,5590,Sonstige Beherbergungsstätten
I,559000,Sonstige Beherbergungsstätten
I,56,Gastronomie
I,561,"Restaurants, Gaststätten, Imbissstuben, Cafés, Eissalons u. Ä."
I,5610,"Restaurants, Gaststätten, Imbissstuben, Cafés, Eissalons u. Ä."
I,561001,"Restaurants, Imbissstuben, Tea-Rooms und Gelaterias"
I,561002,Restaurants mit Beherbergungsangebot
I,561003,Verwaltung von Restaurantssbetrieben
I,562,Caterer und Erbringung sonstiger Verpflegungsdienstleistungen
I,5621,Event-Caterer
I,562100,Event-Caterer
I,5629,Erbringung sonstiger Verpflegungsdienstleistungen
I,562900,Erbringung sonstiger Verpflegungsdienstleistungen
I,563,Ausschank von Getränken
I,5630,Ausschank von Getränken
I,563001,Bars
I,563002,"Diskotheken, Dancings, Night Clubs"
J,0,INFORMATION UND KOMMUNIKATION
J,58,Verlagswesen
J,581,Verlegen von Büchern und Zeitschriften; sonstiges Verlagswesen (ohne Software)
J,5811,Verlegen von Büchern
J,581100,Verlegen von Büchern
J,5812,Verlegen von Adressbüchern und Verzeichnissen
J,581200,Verlegen von Adressbüchern und Verzeichnissen
J,5813,Verlegen von Zeitungen
J,581300,Verlegen von Zeitungen
J,5814,Verlegen von Zeitschriften
J,581400,Verlegen von Zeitschriften
J,5819,Sonstiges Verlagswesen (ohne Software)
J,581900,Sonstiges Verlagswesen (ohne Software)
J,582,Verlegen von Software
J,5821,Verlegen von Computerspielen
J,582100,Verlegen von Computerspielen
J,5829,Verlegen von sonstiger Software
J,582900,Verlegen von sonstiger Software
J,59,"Herstellung, Verleih und Vertrieb von Filmen und Fernsehprogrammen; Kinos; Tonstudios und Verlegen von Musik"
J,591,"Herstellung von Filmen und Fernsehprogrammen, deren Verleih und Vertrieb; Kinos"
J,5911,"Herstellung von Filmen, Videofilmen und Fernsehprogrammen"
J,591100,"Herstellung von Filmen, Videofilmen und Fernsehprogrammen"
J,5912,Nachbearbeitung und sonstige Filmtechnik
J,591200,Nachbearbeitung und sonstige Filmtechnik
J,5913,Filmverleih und -vertrieb (ohne Videotheken)
J,591300,Filmverleih und -vertrieb (ohne Videotheken)
J,5914,Kinos
J,591400,Kinos
J,592,Tonstudios; Herstellung von Radiobeiträgen; Verlegen von bespielten Tonträgern und Musikalien
J,5920,Tonstudios; Herstellung von Radiobeiträgen; Verlegen von bespielten Tonträgern und Musikalien
J,592000,Tonstudios; Herstellung von Radiobeiträgen; Verlegen von bespielten Tonträgern und Musikalien
J,60,Rundfunkveranstalter
J,601,Radioveranstalter
J,6010,Radioveranstalter
J,601000,Radioveranstalter
J,602,Fernsehveranstalter
J,6020,Fernsehveranstalter
J,602000,Fernsehveranstalter
J,61,Telekommunikation
J,611,Leitungsgebundene Telekommunikation
J,6110,Leitungsgebundene Telekommunikation
J,611000,Leitungsgebundene Telekommunikation
J,612,Drahtlose Telekommunikation
J,6120,Drahtlose Telekommunikation
J,612000,Drahtlose Telekommunikation
J,613,Satellitentelekommunikation
J,6130,Satellitentelekommunikation
J,613000,Satellitentelekommunikation
J,619,Sonstige Telekommunikation
J,6190,Sonstige Telekommunikation
J,619000,Sonstige Telekommunikation
J,62,Erbringung von Dienstleistungen der Informationstechnologie
J,620,Erbringung von Dienstleistungen der Informationstechnologie
J,6201,Programmierungstätigkeiten
J,620100,Programmierungstätigkeiten
J,6202,Erbringung von Beratungsleistungen auf dem Gebiet der Informationstechnologie
J,620200,Erbringung von Beratungsleistungen auf dem Gebiet der Informationstechnologie
J,6203,Betrieb von Datenverarbeitungsanlagen für Dritte
J,620300,Betrieb von Datenverarbeitungsanlagen für Dritte
J,6209,Erbringung von sonstigen Dienstleistungen der Informationstechnologie
J,620900,Erbringung von sonstigen Dienstleistungen der Informationstechnologie
J,63,Informationsdienstleistungen
J,631,"Datenverarbeitung, Hosting und damit verbundene Tätigkeiten; Webportale"
J,6311,"Datenverarbeitung, Hosting und damit verbundene Tätigkeiten"
J,631100,"Datenverarbeitung, Hosting und damit verbundene Tätigkeiten"
J,6312,Webportale
J,631200,Webportale
J,639,Erbringung von sonstigen Informationsdienstleistungen
J,6391,Korrespondenz- und Nachrichtenbüros
J,639100,Korrespondenz- und Nachrichtenbüros
J,6399,Erbringung von sonstigen Informationsdienstleistungen a. n. g.
J,639900,Erbringung von sonstigen Informationsdienstleistungen a. n. g.
K,0,ERBRINGUNG VON FINANZ- UND VERSICHERUNGSDIENSTLEISTUNGEN
K,64,Erbringung von Finanzdienstleistungen
K,641,Zentralbanken und Kreditinstitute
K,6411,Zentralbanken
K,641100,Schweizerische Nationalbank
K,6419,Kreditinstitute (ohne Spezialkreditinstitute)
K,641901,Institute mit besonderem Geschäftskreis
K,641902,Kantonalbanken
K,641903,Grossbanken
K,641904,Regionalbanken und Sparkassen
K,641905,Raiffeisenbanken
K,641906,Handelsbanken
K,641907,Börsenbanken
K,641908,Ausländisch beherrschte Banken
K,641909,Filialen ausländischer Banken
K,641910,Privatbankiers
K,641911,Andere Banken
K,641912,Sonstige Kreditinstitute (ohne Spezialkreditinstitute) a. n. g.
K,642,Beteiligungsgesellschaften
K,6420,Beteiligungsgesellschaften
K,642001,Finanzholdinggesellschaften
K,642002,Andere Holdinggesellschaften
K,643,Treuhand- und sonstige Fonds und ähnliche Finanzinstitutionen
K,6430,Treuhand- und sonstige Fonds und ähnliche Finanzinstitutionen
K,643000,Treuhand- und sonstige Fonds und ähnliche Finanzinstitutionen
K,649,Sonstige Finanzierungsinstitutionen
K,6491,Institutionen für Finanzierungsleasing
K,649100,Institutionen für Finanzierungsleasing
K,6492,Spezialkreditinstitute
K,649201,Kleinkreditinstitute
K,649202,Sonstige Spezialkreditinstitute
K,6499,Erbringung von sonstigen Finanzdienstleistungen a. n. g.
K,649901,Investmentgesellschaften
K,649902,Tresorerie innerhalb einer Unternehmensgruppe
K,649903,Sonstige Finanzierungsinstitutionen a. n. g.
K,65,"Versicherungen, Rückversicherungen und Pensionskassen (ohne Sozialversicherung)"
K,651,Versicherungen
K,6511,Lebensversicherungen
K,651100,Lebensversicherungen
K,6512,Nichtlebensversicherungen
K,651201,Unfallversicherung (SUVA)
K,651202,Unfall- und Schadenversicherung
K,651203,Krankenkassen
K,651204,Sonstige Versicherungen (ohne Sozialversicherung) a. n. g.
K,652,Rückversicherungen
K,6520,Rückversicherungen
K,652000,Rückversicherungen
K,653,Pensionskassen und Pensionsfonds
K,6530,Pensionskassen und Pensionsfonds
K,653000,Pensionskassen und Pensionsfonds
K,66,Mit Finanz- und Versicherungsdienstleistungen verbundene Tätigkeiten
K,661,Mit Finanzdienstleistungen verbundene Tätigkeiten
K,6611,Effekten- und Warenbörsen
K,661100,Effekten- und Warenbörsen
K,6612,Effekten- und Warenhandel
K,661200,Effekten- und Warenhandel
K,6619,Sonstige mit Finanzdienstleistungen verbundene Tätigkeiten
K,661900,Sonstige mit Finanzdienstleistungen verbundene Tätigkeiten
K,662,Mit Versicherungsdienstleistungen und Pensionskassen verbundene Tätigkeiten
K,6621,Risiko- und Schadensbewertung
K,662100,Risiko- und Schadensbewertung
K,6622,Tätigkeit von Versicherungsmaklerinnen und -maklern
K,662200,Tätigkeit von Versicherungsmaklerinnen und -maklern
K,6629,Sonstige mit Versicherungsdienstleistungen und Pensionskassen verbundene Tätigkeiten
K,662901,Ausgleichskassen
K,662902,Sonstige mit Versicherungsdienstleistungen und Pensionskassen verbundene Tätigkeiten a. n. g.
K,663,Fondsmanagement
K,6630,Fondsmanagement
K,663001,Fondsleitungen
K,663002,Fondsmanagement
L,0,GRUNDSTÜCKS- UND WOHNUNGSWESEN
L,68,Grundstücks- und Wohnungswesen
L,681,"Kauf und Verkauf von eigenen Grundstücken, Gebäuden und Wohnungen"
L,6810,"Kauf und Verkauf von eigenen Grundstücken, Gebäuden und Wohnungen"
L,681000,"Kauf und Verkauf von eigenen Grundstücken, Gebäuden und Wohnungen"
L,682,"Vermietung, Verpachtung von eigenen oder geleasten Grundstücken, Gebäuden und Wohnungen"
L,6820,"Vermietung, Verpachtung von eigenen oder geleasten Grundstücken, Gebäuden und Wohnungen"
L,682001,Vermietung und Verpachtung von eigenen oder geleasten Grundstücken
L,682002,Vermietung und Verpachtung von eigenen oder geleasten Gebäuden und Wohnungen
L,683,"Vermittlung und Verwaltung von Grundstücken, Gebäuden und Wohnungen für Dritte"
L,6831,"Vermittlung von Grundstücken, Gebäuden und Wohnungen für Dritte"
L,683100,"Vermittlung von Grundstücken, Gebäuden und Wohnungen für Dritte"
L,6832,"Verwaltung von Grundstücken, Gebäuden und Wohnungen für Dritte"
L,683200,"Verwaltung von Grundstücken, Gebäuden und Wohnungen für Dritte"
M,0,"ERBRINGUNG VON FREIBERUFLICHEN, WISSENSCHAFTLICHEN UND TECHNISCHEN DIENSTLEISTUNGEN"
M,69,"Rechts- und Steuerberatung, Wirtschaftsprüfung"
M,691,Rechtsberatung
M,6910,Rechtsberatung
M,691001,"Advokatur-, Notariatsbüros"
M,691002,"Patentanwaltsbüros, Patentverwertung"
M,692,Wirtschaftsprüfung und Steuerberatung; Buchführung
M,6920,Wirtschaftsprüfung und Steuerberatung; Buchführung
M,692000,Wirtschaftsprüfung und Steuerberatung; Buchführung; Treuhandgesellschaften
M,70,Verwaltung und Führung von Unternehmen und Betrieben; Unternehmensberatung
M,701,Verwaltung und Führung von Unternehmen und Betrieben
M,7010,Verwaltung und Führung von Unternehmen und Betrieben
M,701001,Firmensitzaktivitäten von Finanzgesellschaften
M,701002,Firmensitzaktivitäten von anderen Gesellschaften
M,702,Public-Relations- und Unternehmensberatung
M,7021,Public-Relations-Beratung
M,702100,Public-Relations-Beratung
M,7022,Unternehmensberatung
M,702200,Unternehmensberatung
M,71,"Architektur- und Ingenieurbüros; technische, physikalische und chemische Untersuchung"
M,711,Architektur- und Ingenieurbüros
M,7111,Architekturbüros
M,711101,Architekturbüros
M,711102,Raumplanungsbüros
M,711103,Landschaftsplanungsbüros und Gartenarchitekturbüros
M,7112,Ingenieurbüros
M,711201,Bau-Ingenieurbüros
M,711202,Gebäudetechnik-Ingenieurbüros
M,711203,Sonstige lngenieurbüros
M,711204,Geometerbüros
M,711205,Sonstige technische Beratung und Planung
M,712,"Technische, physikalische und chemische Untersuchung"
M,7120,"Technische, physikalische und chemische Untersuchung"
M,712000,"Technische, physikalische und chemische Untersuchung"
M,72,Forschung und Entwicklung
M,721,"Forschung und Entwicklung im Bereich Natur-, Ingenieur-, Agrarwissenschaften und Medizin"
M,7211,Forschung und Entwicklung im Bereich Biotechnologie
M,721100,Forschung und Entwicklung im Bereich Biotechnologie
M,7219,"Sonstige Forschung und Entwicklung im Bereich Natur-, Ingenieur-, Agrarwissenschaften und Medizin"
M,721900,"Sonstige Forschung und Entwicklung im Bereich Natur-, Ingenieur-, Agrarwissenschaften und Medizin"
M,722,"Forschung und Entwicklung im Bereich Rechts-, Wirtschafts- und Sozialwissenschaften sowie im Bereich Sprach-, Kultur- und Kunstwissenschaften"
M,7220,"Forschung und Entwicklung im Bereich Rechts-, Wirtschafts- und Sozialwissenschaften sowie im Bereich Sprach-, Kultur- und Kunstwissenschaften"
M,722000,"Forschung und Entwicklung im Bereich Rechts-, Wirtschafts- und Sozialwissenschaften sowie im Bereich Sprach-, Kultur- und Kunstwissenschaften"
M,73,Werbung und Marktforschung
M,731,Werbung
M,7311,Werbeagenturen
M,731100,Werbeagenturen
M,7312,Vermarktung und Vermittlung von Werbezeiten und Werbeflächen
M,731200,Vermarktung und Vermittlung von Werbezeiten und Werbeflächen
M,732,Markt- und Meinungsforschung
M,7320,Markt- und Meinungsforschung
M,732000,Markt- und Meinungsforschung
M,74,"Sonstige freiberufliche, wissenschaftliche und technische Tätigkeiten"
M,741,"Ateliers für Textil-, Schmuck-, Grafik- u. ä. Design"
M,7410,"Ateliers für Textil-, Schmuck-, Grafik- u. ä. Design"
M,741001,Industrie- und Produktdesign
M,741002,Grafikdesign und Visuelle Kommunikation
M,741003,Innenarchitektur und Raumgestaltung
M,742,Fotografie und Fotolabors
M,7420,Fotografie und Fotolabors
M,742001,Fotografie
M,742002,Fotolabors
M,743,Übersetzen und Dolmetschen
M,7430,Übersetzen und Dolmetschen
M,743000,Übersetzen und Dolmetschen
M,749,"Sonstige freiberufliche, wissenschaftliche und technische Tätigkeiten a. n. g."
M,7490,"Sonstige freiberufliche, wissenschaftliche und technische Tätigkeiten a. n. g."
M,749000,"Sonstige freiberufliche, wissenschaftliche und technische Tätigkeiten a. n. g."
M,75,Veterinärwesen
M,750,Veterinärwesen
M,7500,Veterinärwesen
M,750000,Veterinärwesen
N,0,ERBRINGUNG VON SONSTIGEN WIRTSCHAFTLICHEN DIENSTLEISTUNGEN
N,77,Vermietung von beweglichen Sachen
N,771,Vermietung von Automobilen
N,7711,"Vermietung von Automobilen mit einem Gesamtgewicht von 3,5 t oder weniger"
N,771100,"Vermietung von Automobilen mit einem Gesamtgewicht von 3,5 t oder weniger"
N,7712,"Vermietung von Automobilen mit einem Gesamtgewicht von mehr als 3,5 t"
N,771200,"Vermietung von Automobilen mit einem Gesamtgewicht von mehr als 3,5 t"
N,772,Vermietung von Gebrauchsgütern
N,7721,Vermietung von Sport- und Freizeitgeräten
N,772100,Vermietung von Sport- und Freizeitgeräten
N,7722,Videotheken
N,772200,Videotheken
N,7729,Vermietung von sonstigen Gebrauchsgütern
N,772900,Vermietung von sonstigen Gebrauchsgütern
N,773,"Vermietung von Maschinen, Geräten und sonstigen beweglichen Sachen"
N,7731,Vermietung von landwirtschaftlichen Maschinen und Geräten
N,773100,Vermietung von landwirtschaftlichen Maschinen und Geräten
N,7732,Vermietung von Baumaschinen und -geräten
N,773200,Vermietung von Baumaschinen und -geräten
N,7733,"Vermietung von Büromaschinen, Datenverarbeitungsgeräten und -einrichtungen"
N,773300,"Vermietung von Büromaschinen, Datenverarbeitungsgeräten und -einrichtungen"
N,7734,Vermietung von Wasserfahrzeugen
N,773400,Vermietung von Wasserfahrzeugen
N,7735,Vermietung von Luftfahrzeugen
N,773500,Vermietung von Luftfahrzeugen
N,7739,"Vermietung von sonstigen Maschinen, Geräten und beweglichen Sachen a. n. g."
N,773900,"Vermietung von sonstigen Maschinen, Geräten und beweglichen Sachen a. n. g."
N,774,Leasing von nichtfinanziellen immateriellen Vermögensgegenständen (ohne Copyrights)
N,7740,Leasing von nichtfinanziellen immateriellen Vermögensgegenständen (ohne Copyrights)
N,774000,Leasing von geistigem Eigentum und ähnlichen Produkten (ohne Copyrights)
N,78,Vermittlung und Überlassung von Arbeitskräften
N,781,Vermittlung von Arbeitskräften
N,7810,Vermittlung von Arbeitskräften
N,781000,Vermittlung von Arbeitskräften
N,782,Befristete Überlassung von Arbeitskräften
N,7820,Befristete Überlassung von Arbeitskräften
N,782000,Befristete Überlassung von Arbeitskräften
N,783,Sonstige Überlassung von Arbeitskräften
N,7830,Sonstige Überlassung von Arbeitskräften
N,783000,Sonstige Überlassung von Arbeitskräften
N,79,"Reisebüros, Reiseveranstalter und Erbringung sonstiger Reservierungsdienstleistungen"
N,791,Reisebüros und Reiseveranstalter
N,7911,Reisebüros
N,791100,Reisebüros
N,7912,Reiseveranstalter
N,791200,Reiseveranstalter
N,799,Erbringung sonstiger Reservierungsdienstleistungen
N,7990,Erbringung sonstiger Reservierungsdienstleistungen
N,799001,Reservationsdienst zur Beherbergung von Touristen
N,799002,Erbringung sonstiger Reservierungsdienstleistungen
N,80,Wach- und Sicherheitsdienste sowie Detekteien
N,801,Private Wach- und Sicherheitsdienste
N,8010,Private Wach- und Sicherheitsdienste
N,801000,Private Wach- und Sicherheitsdienste
N,802,Sicherheitsdienste mithilfe von Überwachungs- und Alarmsystemen
N,8020,Sicherheitsdienste mithilfe von Überwachungs- und Alarmsystemen
N,802000,Sicherheitsdienste mithilfe von Überwachungs- und Alarmsystemen
N,803,Detekteien
N,8030,Detekteien
N,803000,Detekteien
N,81,Gebäudebetreuung; Garten- und Landschaftsbau
N,811,Hausmeisterdienste
N,8110,Hausmeisterdienste
N,811000,Hausmeisterdienste; Facility Management
N,812,"Reinigung von Gebäuden, Strassen und Verkehrsmitteln"
N,8121,Allgemeine Gebäudereinigung
N,812100,Allgemeine Gebäudereinigung
N,8122,Spezielle Reinigung von Gebäuden und Reinigung von Maschinen
N,812201,Kaminfeger
N,812202,Spezielle Reinigung von Gebäuden und Reinigung von Maschinen
N,8129,Reinigung a. n. g.
N,812900,Reinigung a. n. g.
N,813,Garten- und Landschaftsbau sowie Erbringung von sonstigen gärtnerischen Dienstleistungen
N,8130,Garten- und Landschaftsbau sowie Erbringung von sonstigen gärtnerischen Dienstleistungen
N,813000,Garten- und Landschaftsbau sowie Erbringung von sonstigen gärtnerischen Dienstleistungen
N,82,Erbringung von wirtschaftlichen Dienstleistungen für Unternehmen und Privatpersonen a. n. g.
N,821,"Sekretariats- und Schreibdienste, Copy-Shops"
N,8211,Allgemeine Sekretariats- und Schreibdienste
N,821100,Allgemeine Sekretariats- und Schreibdienste
N,8219,Copy-Shops; Dokumentenvorbereitung und Erbringung sonstiger spezieller Sekretariatsdienste
N,821901,Sekretariats- und Schreibdienste
N,821902,Copy Shops
N,822,Call Centers
N,8220,Call Centers
N,822000,Call Centers
N,823,"Messe-, Ausstellungs- und Kongressveranstalter"
N,8230,"Messe-, Ausstellungs- und Kongressveranstalter"
N,823000,"Messe-, Ausstellungs- und Kongressveranstalter"
N,829,Erbringung sonstiger wirtschaftlicher Dienstleistungen für Unternehmen und Privatpersonen
N,8291,Inkassobüros und Auskunfteien
N,829100,Inkassobüros und Auskunfteien
N,8292,Abfüllen und Verpacken
N,829200,Abfüllen und Verpacken
N,8299,Erbringung sonstiger wirtschaftlicher Dienstleistungen für Unternehmen und Privatpersonen a. n. g.
N,829900,Erbringung sonstiger wirtschaftlicher Dienstleistungen für Unternehmen und Privatpersonen a. n. g.
O,0,"ÖFFENTLICHE VERWALTUNG, VERTEIDIGUNG; SOZIALVERSICHERUNG"
O,84,"Öffentliche Verwaltung, Verteidigung; Sozialversicherung"
O,841,Öffentliche Verwaltung
O,8411,Allgemeine öffentliche Verwaltung
O,841100,Allgemeine öffentliche Verwaltung
O,8412,"Öffentliche Verwaltung auf den Gebieten Gesundheitswesen, Bildung, Kultur und Sozialwesen"
O,841200,"Öffentliche Verwaltung auf den Gebieten Gesundheitswesen, Bildung, Kultur und Sozialwesen"
O,8413,"Wirtschaftsförderung, -ordnung und -aufsicht"
O,841300,"Wirtschaftsförderung, -ordnung und -aufsicht"
O,842,"Auswärtige Angelegenheiten, Verteidigung, Rechtspflege/Justiz, öffentliche Sicherheit und Ordnung"
O,8421,Auswärtige Angelegenheiten
O,842100,Auswärtige Angelegenheiten
O,8422,Verteidigung
O,842201,Verteidigung
O,842202,Zivilschutz
O,8423,Rechtspflege/Justiz
O,842301,"Verwaltung der Rechtspflege, Gerichte"
O,842302,Verwaltung von Strafvollzugsanstalten
O,8424,Öffentliche Sicherheit und Ordnung
O,842400,Öffentliche Sicherheit und Ordnung
O,8425,Feuerwehren
O,842500,Feuerwehren
O,843,Sozialversicherung
O,8430,Sozialversicherung
O,843000,"Alters- und Hinterlassenenversicherung (AHV), lnvalidenversicherung (IV), Arbeitslosenversicherung (ALV)"
P,0,ERZIEHUNG UND UNTERRICHT
P,85,Erziehung und Unterricht
P,851,Kindergärten und Vorschulen
P,8510,Kindergärten und Vorschulen
P,851000,Kindergärten und Vorschulen
P,852,Schulen auf Primarstufe
P,8520,Schulen auf Primarstufe
P,852001,Primarschulen
P,852002,Sonderschulen
P,852003,Obligatorische Schulen a. n. g.
P,853,Schulen auf Sekundarstufe
P,8531,Allgemein bildende Schulen auf Sekundarstufe
P,853101,"Bezirks-, Sekundar-, Realschulen, Oberstufe der Primarschulen"
P,853102,Maturitätsschulen
P,853103,Fachmittelschulen FMS (bisher: Diplommittelschulen DMS)
P,8532,Berufsbildende Schulen auf Sekundarstufen
P,853200,Berufsbildende weiterführende Schulen
P,854,Tertiärer Unterricht
P,8541,"Post-sekundärer, nicht tertiärer Unterricht"
P,854100,"Post-sekundärer, nicht tertiärer Unterricht"
P,8542,Tertiärer Unterricht
P,854201,Universitäre Hochschulen
P,854202,Fachhochschulen
P,854203,Andere Ausbildungsstätten der höheren Berufsbildung
P,855,Sonstiger Unterricht
P,8551,Sport- und Freizeitunterricht
P,855100,Sport- und Freizeitunterricht
P,8552,Kulturunterricht
P,855200,Kulturunterricht
P,8553,Fahr- und Flugschulen
P,855300,Fahr- und Flugschulen
P,8559,Sonstiger Unterricht a. n. g.
P,855901,Sprachunterricht
P,855902,Informatikunterricht
P,855903,Berufliche Erwachsenenbildung
P,855904,Sonstiger Unterricht a. n. g.
P,856,Erbringung von Dienstleistungen für den Unterricht
P,8560,Erbringung von Dienstleistungen für den Unterricht
P,856000,Erbringung von Dienstleistungen für den Unterricht
Q,0,GESUNDHEITS- UND SOZIALWESEN
Q,86,Gesundheitswesen
Q,861,Krankenhäuser
Q,8610,Krankenhäuser
Q,861001,Allgemeine Krankenhäuser
Q,861002,Spezialkliniken
Q,862,Arzt- und Zahnarztpraxen
Q,8621,Arztpraxen für Allgemeinmedizin
Q,862100,Arztpraxen für Allgemeinmedizin
Q,8622,Facharztpraxen
Q,862200,Facharztpraxen
Q,8623,Zahnarztpraxen
Q,862300,Zahnarztpraxen
Q,869,Gesundheitswesen a. n. g.
Q,8690,Gesundheitswesen a. n. g.
Q,869001,Psychotherapie und Psychologie
Q,869002,Physiotherapie
Q,869003,"Aktivitäten der Krankenschwestern, Hauspflege"
Q,869004,Aktivitäten der Hebammen
Q,869005,Sonstige Aktivitäten der nicht-ärztlichen Medizinalberufe
Q,869006,Medizinische Labors
Q,869007,Sonstiges Gesundheitswesen a. n. g.
Q,87,Heime (ohne Erholungs- und Ferienheime)
Q,871,Pflegeheime
Q,8710,Pflegeheime
Q,871000,Pflegeheime
Q,872,"Stationäre Einrichtungen zur psychosozialen Betreuung, Suchtbekämpfung u. Ä."
Q,8720,"Stationäre Einrichtungen zur psychosozialen Betreuung, Suchtbekämpfung u. Ä."
Q,872001,Institutionen für Suchtkranke
Q,872002,Institutionen für psychosoziale Fälle
Q,873,Altenheime; Alten- und Behindertenwohnheime
Q,8730,Altenheime; Alten- und Behindertenwohnheime
Q,873001,Altersheime
Q,873002,Institutionen für Behinderte
Q,879,Sonstige Heime (ohne Erholungs- und Ferienheime)
Q,8790,Sonstige Heime (ohne Erholungs- und Ferienheime)
Q,879001,Wohnheime für Kinder und Jugendliche
Q,879002,Erziehungsheime
Q,879003,Sonstige Wohnheime
Q,88,Sozialwesen (ohne Heime)
Q,881,Soziale Betreuung älterer Menschen und Behinderter
Q,8810,Soziale Betreuung älterer Menschen und Behinderter
Q,881000,Soziale Betreuung älterer Menschen und Behinderter
Q,889,Sonstiges Sozialwesen (ohne Heime)
Q,8891,Tagesbetreuung von Kindern
Q,889100,Tagesbetreuung von Kindern
Q,8899,Sonstiges Sozialwesen a. n. g.
Q,889901,Organisationen der Wohlfahrtspflege
Q,889902,Sonstiges Sozialwesen a. n. g.
R,0,"KUNST, UNTERHALTUNG UND ERHOLUNG"
R,90,"Kreative, künstlerische und unterhaltende Tätigkeiten"
R,900,"Kreative, künstlerische und unterhaltende Tätigkeiten"
R,9001,Darstellende Kunst
R,900101,Theater- und Ballettgruppen
R,900102,"Orchester, Chöre, Musiker"
R,9002,Erbringung von Dienstleistungen für die darstellende Kunst
R,900200,Erbringung von Dienstleistungen für die darstellende Kunst
R,9003,Künstlerisches und schriftstellerisches Schaffen
R,900301,Selbstständige bildende Künstler
R,900302,Sonstige künstlerische und schriftstellerische Tätigkeiten und Darbietungen
R,900303,Selbstständige Journalisten
R,9004,Betrieb von Kultur- und Unterhaltungseinrichtungen
R,900400,Betrieb von Kultur- und Unterhaltungseinrichtungen
R,91,"Bibliotheken, Archive, Museen, botanische und zoologische Gärten"
R,910,"Bibliotheken, Archive, Museen, botanische und zoologische Gärten"
R,9101,Bibliotheken und Archive
R,910100,Bibliotheken und Archive
R,9102,Museen
R,910200,Museen
R,9103,Betrieb von historischen Stätten und Gebäuden und ähnlichen Attraktionen
R,910300,Betrieb von historischen Stätten und Gebäuden und ähnlichen Attraktionen
R,9104,Botanische und zoologische Gärten sowie Naturparks
R,910400,Botanische und zoologische Gärten sowie Naturparks
R,92,"Spiel-, Wett- und Lotteriewesen"
R,920,"Spiel-, Wett- und Lotteriewesen"
R,9200,"Spiel-, Wett- und Lotteriewesen"
R,920000,"Spiel-, Wett- und Lotteriewesen"
R,93,"Erbringung von Dienstleistungen des Sports, der Unterhaltung und der Erholung"
R,931,Erbringung von Dienstleistungen des Sports
R,9311,Betrieb von Sportanlagen
R,931100,Betrieb von Sportanlagen
R,9312,Sportvereine
R,931200,Sportvereine
R,9313,Fitnesszentren
R,931300,Gymnastik- und Fitnesszentren
R,9319,Erbringung von sonstigen Dienstleistungen des Sports
R,931900,Erbringung von sonstigen Dienstleistungen des Sports
R,932,Erbringung von sonstigen Dienstleistungen der Unterhaltung und der Erholung
R,9321,Vergnügungs- und Themenparks
R,932100,Vergnügungs- und Themenparks
R,9329,Erbringung von Dienstleistungen der Unterhaltung und der Erholung a. n. g.
R,932900,Erbringung von Dienstleistungen der Unterhaltung und der Erholung a. n. g.
S,0,ERBRINGUNG VON SONSTIGEN DIENSTLEISTUNGEN
S,94,Interessenvertretungen sowie kirchliche und sonstige religiöse Vereinigungen (ohne Sozialwesen und Sport)
S,941,"Wirtschafts- und Arbeitgeberverbände, Berufsorganisationen"
S,9411,Wirtschafts- und Arbeitgeberverbände
S,941100,Wirtschafts- und Arbeitgeberverbände
S,9412,Berufsorganisationen
S,941200,Berufsorganisationen
S,942,Arbeitnehmervereinigungen
S,9420,Arbeitnehmervereinigungen
S,942000,Arbeitnehmervereinigungen
S,949,Kirchliche Vereinigungen; politische Parteien sowie sonstige Interessenvertretungen und Vereinigungen a. n. g.
S,9491,Kirchliche und sonstige religiöse Vereinigungen
S,949101,Kirchgemeinden und religiöse Vereinigungen
S,949102,Klöster und Ordensgemeinschaften
S,9492,Politische Parteien und Vereinigungen
S,949200,Politische Parteien und Vereinigungen
S,9499,Sonstige Interessenvertretungen und Vereinigungen a. n. g.
S,949901,"Organisationen der Kultur, Bildung, Wissenschaft und Forschung"
S,949902,Organisationen des Gesundheitswesens
S,949903,Jugendorganisationen
S,949904,Sonstige Interessenvertretungen und Vereinigungen a. n. g.
S,95,Reparatur von Datenverarbeitungsgeräten und Gebrauchsgütern
S,951,Reparatur von Datenverarbeitungs- und Telekommunikationsgeräten
S,9511,Reparatur von Datenverarbeitungsgeräten und peripheren Geräten
S,951100,Reparatur von Datenverarbeitungsgeräten und peripheren Geräten
S,9512,Reparatur von Telekommunikationsgeräten
S,951200,Reparatur von Telekommunikationsgeräten
S,952,Reparatur von Gebrauchsgütern
S,9521,Reparatur von Geräten der Unterhaltungselektronik
S,952100,Reparatur von Geräten der Unterhaltungselektronik
S,9522,Reparatur von elektrischen Haushaltsgeräten und Gartengeräten
S,952200,Reparatur von elektrischen Haushaltsgeräten und Gartengeräten
S,9523,Reparatur von Schuhen und Lederwaren
S,952300,Reparatur von Schuhen und Lederwaren
S,9524,Reparatur von Möbeln und Einrichtungsgegenständen
S,952400,Reparatur von Möbeln und Einrichtungsgegenständen
S,9525,Reparatur von Uhren und Schmuck
S,952500,Reparatur von Uhren und Schmuck
S,9529,Reparatur von sonstigen Gebrauchsgütern
S,952900,Reparatur von sonstigen Gebrauchsgütern
S,96,Erbringung von sonstigen überwiegend persönlichen Dienstleistungen
S,960,Erbringung von sonstigen überwiegend persönlichen Dienstleistungen
S,9601,Wäscherei und chemische Reinigung
S,960101,Wäscherei
S,960102,Textilreinigung
S,9602,Frisör- und Kosmetiksalons
S,960201,Coiffeursalons
S,960202,Kosmetiksalons
S,9603,Bestattungswesen
S,960300,Bestattungswesen
S,9604,"Saunas, Solarien, Bäder u. Ä."
S,960401,"Saunas, Solarien"
S,960402,Sonstiges Körperpflegegewerbe
S,9609,Erbringung von sonstigen Dienstleistungen a. n. g.
S,960900,Erbringung von sonstigen Dienstleistungen a. n. g.
T,0,PRIVATE HAUSHALTE MIT HAUSPERSONAL; HERSTELLUNG VON WAREN UND ERBRINGUNG VON DIENSTLEISTUNGEN DURCH PRIVATE HAUSHALTE FÜR DEN EIGENBEDARF OHNE AUSGEPRÄGTEN SCHWERPUNKT
T,97,Private Haushalte mit Hauspersonal
T,970,Private Haushalte mit Hauspersonal
T,9700,Private Haushalte mit Hauspersonal
T,970000,Private Haushalte mit Hauspersonal
T,98,Herstellung von Waren und Erbringung von Dienstleistungen durch private Haushalte für den Eigenbedarf ohne ausgeprägten Schwerpunkt
T,981,Herstellung von Waren durch private Haushalte für den Eigenbedarf ohne ausgeprägten Schwerpunkt
T,9810,Herstellung von Waren durch private Haushalte für den Eigenbedarf ohne ausgeprägten Schwerpunkt
T,981000,Herstellung von Waren durch private Haushalte für den Eigenbedarf ohne ausgeprägten Schwerpunkt
T,982,Erbringungen von Dienstleistungen durch private Haushalte für den Eigenbedarf ohne ausgeprägten Schwerpunkt
T,9820,Erbringungen von Dienstleistungen durch private Haushalte für den Eigenbedarf ohne ausgeprägten Schwerpunkt
T,982000,Erbringungen von Dienstleistungen durch private Haushalte für den Eigenbedarf ohne ausgeprägten Schwerpunkt
U,0,EXTERRITORIALE ORGANISATIONEN UND KÖRPERSCHAFTEN
U,99,Exterritoriale Organisationen und Körperschaften
U,990,Exterritoriale Organisationen und Körperschaften
U,9900,Exterritoriale Organisationen und Körperschaften
U,990001,Konsulate
U,990002,Botschaften
U,990003,lnternationale Organisationen mit Behördecharakter